TIME,INFLOW(m3/s),STORAGE(1000m3),ELEVATION(m),OUTFLOW(m3/s),
    0,    21.00000000,632310.40000000,   210.06000000,     0.00000000,
    1,    21.00000000,632385.99998198,   210.06143073,     0.00001012,
    2,    21.00000000,632461.59994550,   210.06286147,     0.00001013,
    3,    21.00000000,632537.19990902,   210.06429220,     0.00001013,
    4,    21.00000000,632612.79987254,   210.06572293,     0.00001013,
    5,    21.00000000,632688.39983606,   210.06715367,     0.00001013,
    6,    21.00000000,632763.99979959,   210.06858440,     0.00001014,
    7,    15.50000000,632496.69976311,   210.06352573,   185.00001013,
    8,    12.75000000,631881.54972663,   210.05188398,   185.00001010,
    9,    16.37500000,631267.97469015,   210.04027204,   185.00001008,
   10,    27.18750000,631013.38715367,   210.03545396,     0.00001007,
   11,    23.59375000,631104.79336762,   210.03718383,     0.00001007,
   12,    16.79687500,631177.49645615,   210.03855974,     0.00001008,
   13,    13.39843750,631231.84798217,   210.03958834,     0.00001008,
   14,    11.69921875,631277.02372694,   210.04044330,     0.00001008,
   15,    10.84960938,631317.61158109,   210.04121142,     0.00001008,
   16,    10.42480469,631355.90548992,   210.04193614,     0.00001008,
   17,    10.21240234,631393.05242610,   210.04263915,     0.00001009,
   18,    10.10620117,631429.62587595,   210.04333130,     0.00001009,
   19,   107.05310059,631343.51258264,   210.04170160,   165.00001008,
   20,   356.52655029,631583.95591774,   210.04625200,   165.00001009,
   21,   481.26327515,632497.97756705,   210.06354992,   165.00001013,
   22,   543.63163757,633748.78837347,   210.08722158,   165.00001017,
   23,   281.81581879,634937.59375835,   210.10971979,     0.00001022,
   24,   145.90790939,635707.49643217,   210.12429024,     0.00001025,
   25,    77.95395470,636110.44775062,   210.13191612,     0.00001026,
   26,    43.97697735,636329.92339140,   210.13606971,     0.00001027,
   27,    26.98848867,636457.66119333,   210.13848715,     0.00001028,
   28,    18.49424434,636539.53007584,   210.14003653,     0.00001028,
   29,    14.24712217,636598.46449843,   210.14115186,     0.00001028,
   30,    12.12356108,636645.93169127,   210.14205018,     0.00001028,
   31,    11.06178054,636345.66526924,   210.13636762,   190.00001027,
   32,    27.03089027,635730.23203956,   210.12472052,   190.00001025,
   33,    35.01544514,635157.91540647,   210.11388939,   190.00001023,
   34,    39.00772257,634607.15707169,   210.10346626,   190.00001021,
   35,    26.00386128,634040.17788607,   210.09273614,   190.00001019,
   36,    18.00193064,633435.38827501,   210.08129047,   190.00001016,
   37,    19.00096532,632817.99345103,   210.06960623,   190.00001014,
   38,    31.00048266,632268.99602080,   210.05921643,   165.00001012,
   39,    20.50024133,631767.69728766,   210.04972932,   165.00001010,
   40,    92.75012067,631377.54790307,   210.04234572,   165.00001008,
   41,   128.87506033,631137.47319275,   210.03780229,   190.00001008,
   42,   159.43753017,631314.43581935,   210.04115132,     0.00001008,
   43,   153.21876508,631877.21711441,   210.05180199,     0.00001010,
   44,   150.10938254,632423.20774370,   210.06213489,     0.00001012,
   45,   110.05469127,632891.50304000,   210.07099741,     0.00001014,
   46,    90.02734564,633251.65067007,   210.07781322,     0.00001016,
   47,    53.51367282,633510.02446687,   210.08270296,     0.00001017,
   48,    31.75683641,633663.51134703,   210.08560771,     0.00001017,
   49,    20.87841820,633758.25476887,   210.08740073,     0.00001017,
   50,    15.43920910,633823.62646134,   210.08863790,     0.00001018,
   51,    12.71960455,633874.31228912,   210.08959713,     0.00001018,
   52,    11.35980228,633917.65518477,   210.09041740,     0.00001018,
   53,    10.67990114,633957.32661435,   210.09116818,     0.00001018,
   54,    10.33995057,633995.16231091,   210.09188422,     0.00001018,
   55,    10.16997528,633735.08014095,   210.08696215,   165.00001017,
   56,    14.08498764,633481.73903773,   210.08216766,     0.00001016,
   57,    12.04249382,633528.76846788,   210.08305769,     0.00001017,
   58,    11.02124691,633570.28316471,   210.08384336,     0.00001017,
   59,    10.51062346,633609.04049489,   210.08457685,     0.00001017,
   60,    78.75531173,633472.71914174,   210.08199696,   165.00001016,
   61,   117.37765586,633231.75844671,   210.07743676,   165.00001015,
   62,    67.68882793,632970.87808096,   210.07249959,   165.00001015,
   63,    42.84441397,632575.83788006,   210.06502343,   165.00001013,
   64,    30.42220698,632410.71776116,   210.06189852,     0.00001012,
   65,    20.21110349,632204.85768368,   210.05800261,   165.00001012,
   66,    19.10555175,631978.62762655,   210.05372119,     0.00001011,
   67,    14.55277587,632039.21257971,   210.05486776,     0.00001011,
   68,    75.77638794,632201.80503806,   210.05794483,     0.00001012,
   69,   111.38819397,632241.70124920,   210.05869987,   165.00001012,
   70,   211.69409698,632229.24933632,   210.05846422,   165.00001012,
   71,   261.84704849,632784.62336186,   210.06897470,     0.00001014,
   72,   204.42352425,633623.91035617,   210.08485826,     0.00001017,
   73,   175.71176212,634308.15383509,   210.09780760,     0.00001020,
   74,   161.35588106,634914.87555612,   210.10928985,     0.00001022,
   75,    85.67794053,635359.53639806,   210.11770508,     0.00001024,
   76,    47.83897027,635599.86680057,   210.12225335,     0.00001024,
   77,    28.91948513,635738.03198359,   210.12486813,     0.00001025,
   78,    19.45974257,635825.11455644,   210.12651617,     0.00001025,
   79,    14.72987128,635553.65582440,   210.12137880,   185.00001024,
   80,    69.86493564,635039.92643993,   210.11165644,   185.00001022,
   81,    44.43246782,634579.66172946,   210.10294591,   185.00001021,
   82,    31.71623391,634050.72935598,   210.09293583,   185.00001019,
   83,    34.85811696,633837.56315101,   210.08890165,     0.00001018,
   84,    53.92905848,633997.38003028,   210.09192619,     0.00001018,
   85,    63.96452924,633876.58845146,   210.08964021,   185.00001018,
   86,    50.98226462,633417.49264381,   210.08095179,   185.00001016,
   87,    44.49113231,632923.34472154,   210.07160001,   185.00001014,
   88,   261.74556615,632808.57074216,   210.06942791,   185.00001014,
   89,   370.37278308,633280.38373445,   210.07835700,   185.00001016,
   90,   498.18639154,634177.79021213,   210.09534047,   185.00001019,
   91,   488.59319577,635287.99343274,   210.11635112,   185.00001023,
   92,   557.29659788,636504.59502438,   210.13937538,   185.00001028,
   93,   518.14829894,637774.39580152,   210.16340643,   185.00001033,
   94,   498.57414947,638938.49617155,   210.18543710,   185.00001037,
   95,   488.78707474,640049.74633773,   210.20646757,   185.00001041,
   96,   410.39353737,641002.27140215,   210.22449416,   185.00001045,
   97,   371.19676868,642076.13391526,   210.24481707,     0.00001049,
   98,   332.59838434,643342.96515277,   210.26879192,     0.00001054,
   99,   239.79919217,644373.28075240,   210.28829070,     0.00001058,
  100,   193.39959609,645153.03853334,   210.30304766,     0.00001061,
  101,   133.69979804,645741.81740449,   210.31419034,     0.00001063,
  102,   103.34989902,645871.50682076,   210.31664472,   165.00001063,
  103,    60.67494951,645572.75150979,   210.31099076,   165.00001062,
  104,    39.33747476,645122.77383521,   210.30247490,   185.00001060,
  105,    24.66873738,644571.98497904,   210.29205119,   185.00001058,
  106,    31.33436869,644006.79053186,   210.28135485,   185.00001056,
  107,   181.66718434,643724.19328917,   210.27600669,   185.00001055,
  108,   183.33359217,643715.19464873,   210.27583639,   185.00001055,
  109,   257.66679609,643842.99530962,   210.27825502,   185.00001056,
  110,   147.83339804,643906.89562119,   210.27946434,   185.00001056,
  111,    92.91669902,643674.24575809,   210.27506143,   185.00001055,
  112,    56.45834951,643277.12080744,   210.26754581,   185.00001054,
  113,    37.22917476,642779.75831302,   210.25813320,   185.00001052,
  114,    27.61458738,642230.47704714,   210.24773802,   185.00001050,
  115,   106.30729369,641805.53639510,   210.23969600,   185.00001048,
  116,   145.65364684,641593.06605042,   210.23567498,   185.00001047,
  117,   238.82682342,641619.13085941,   210.23616826,   185.00001047,
  118,   285.41341171,641896.76324480,   210.24142247,   185.00001048,
  119,   308.70670586,642633.17941883,   210.25535919,     0.00001051,
  120,   320.35335293,643765.48748683,   210.27678818,     0.00001055,
  121,   165.17667646,644639.44150180,   210.29332781,     0.00001059,
  122,    87.58833823,645094.41848997,   210.30193828,     0.00001060,
  123,    48.79416912,645339.90696496,   210.30658416,     0.00001061,
  124,    29.39708456,645480.65118336,   210.30924775,     0.00001062,
  125,    19.69854228,645569.02327346,   210.31092020,     0.00001062,
  126,    14.84927114,645298.20929942,   210.30579503,   185.00001061,
  127,    26.42463557,644706.50229329,   210.29459694,   185.00001059,
  128,    18.21231778,644120.84877114,   210.28351341,   185.00001057,
  129,    28.10615889,643574.22199096,   210.27316847,   165.00001055,
  130,    96.55307945,643168.60858220,   210.26549221,   185.00001053,
  131,   214.27653972,643062.10185894,   210.26347657,   185.00001053,
  132,   273.13826986,643273.44847822,   210.26747631,   185.00001053,
  133,   155.56913493,643298.12176875,   210.26794326,   230.00001054,
  134,   127.78456747,642980.15839514,   210.26192578,   230.00001052,
  135,   128.89228373,642614.17668924,   210.25499956,   230.00001051,
  136,   179.44614187,642341.18581762,   210.24983319,   230.00001050,
  137,   204.72307093,642204.69036292,   210.24725001,   230.00001049,
  138,   217.36153547,642136.44261670,   210.24595841,   230.00001049,
  139,   223.68076773,642102.31872448,   210.24531262,   230.00001049,
  140,   226.84038387,642085.25675949,   210.24498972,   230.00001049,
  141,   228.42019193,642157.72575812,   210.24636120,   185.00001049,
  142,   224.21009597,642306.46023855,   210.24917601,   185.00001050,
  143,   204.60504798,642745.32745966,   210.25748159,     0.00001051,
  144,   147.30252399,643378.76105138,   210.26946936,     0.00001054,
  145,    88.65126200,643803.47782822,   210.27750715,     0.00001056,
  146,    59.32563100,644069.83619777,   210.28254800,     0.00001057,
  147,    44.66281550,644257.01536322,   210.28609037,     0.00001057,
  148,    39.83140775,644409.10492707,   210.28896868,     0.00001058,
  149,    39.91570387,644219.64969011,   210.28538323,   185.00001057,
  150,    39.95785194,643697.42205253,   210.27550004,   185.00001055,
  151,    38.97892597,643092.50821486,   210.26405201,   230.00001053,
  152,    24.48946298,642459.75127693,   210.25207705,   185.00001050,
  153,    17.24473149,641868.87278929,   210.24089464,   185.00001048,
  154,   144.62236575,641494.23352672,   210.23380457,   185.00001047,
  155,   164.81118287,641304.21387659,   210.23020844,   230.00001046,
  156,   255.90559144,641314.50403286,   210.23040318,   185.00001046,
  157,   306.95279572,641661.64909211,   210.23697292,   185.00001047,
  158,   245.97639786,641990.92160264,   210.24320442,   185.00001049,
  159,   288.98819893,642287.85783902,   210.24882396,   185.00001050,
  160,   310.49409946,642700.92593833,   210.25664129,   185.00001051,
  161,   247.74704973,643039.75996910,   210.26305375,   185.00001053,
  162,   216.37352487,643209.17696539,   210.26625997,   185.00001053,
  163,   127.18676243,643161.58544465,   210.26535930,   185.00001053,
  164,    82.59338122,642873.18966519,   210.25990139,   185.00001052,
  165,    60.29669061,642464.39175678,   210.25216487,   185.00001050,
  166,    49.14834530,641995.39278370,   210.24328904,   185.00001049,
  167,    43.57417265,641496.29327828,   210.23384355,   185.00001047,
  168,   114.28708633,641114.44350668,   210.22661702,   185.00001045,
  169,   149.64354316,641256.51860200,   210.22930580,     0.00001046,
  170,   148.32177158,641792.85613099,   210.23945602,     0.00001048,
  171,    79.16088579,642202.32487661,   210.24720524,     0.00001049,
  172,    44.58044290,642425.05923053,   210.25142050,     0.00001050,
  173,    27.29022145,642140.42638861,   210.24603381,   230.00001049,
  174,    18.64511072,641395.10994882,   210.23192865,   230.00001046,
  175,    50.82255536,640692.15171012,   210.21862513,   230.00001044,
  176,    66.91127768,640076.07257189,   210.20696579,   230.00001041,
  177,    74.95563884,639503.43298410,   210.19612856,   230.00001039,
  178,    78.97781942,638952.51317176,   210.18570237,   230.00001037,
  179,    80.98890971,638412.45324692,   210.17548170,   230.00001035,
  180,    81.99445486,637877.82326583,   210.16536380,   230.00001033,
  181,    45.99722743,637280.20825662,   210.15405390,   230.00001031,
  182,    27.99861371,636585.40073356,   210.14090463,   230.00001028,
  183,   128.99930686,636156.99695357,   210.13279707,   165.00001027,
  184,   174.49965343,636109.29504513,   210.13189430,   165.00001026,
  185,   243.24982671,636267.24407224,   210.13488350,   165.00001027,
  186,   277.62491336,636610.81856755,   210.14138567,   165.00001028,
  187,   221.31245668,636914.90579676,   210.14714053,   165.00001029,
  188,   266.65622834,637199.24939269,   210.15252175,   165.00001031,
  189,   289.32811417,637606.02117199,   210.16021993,   165.00001032,
  190,   300.66405708,638074.00704297,   210.16907659,   165.00001034,
  191,   232.83202854,638737.29995979,   210.18162945,     0.00001036,
  192,   194.41601427,639506.34639954,   210.19618369,     0.00001039,
  193,   170.70800714,640163.56960053,   210.20862168,     0.00001042,
  194,   158.85400357,640756.78118214,   210.21984824,     0.00001044,
  195,    84.42700178,641194.68695406,   210.22813564,     0.00001046,
  196,    47.21350089,641431.63982114,   210.23261998,     0.00001047,
  197,    28.60675045,641568.11623601,   210.23520281,     0.00001047,
  198,    19.30337522,641301.55442456,   210.23015811,   196.00001046,
  199,    14.65168761,640657.07349996,   210.21796127,   196.00001044,
  200,    31.82584381,640035.13301877,   210.20619101,   196.00001041,
  201,    40.41292190,639459.56275972,   210.19529831,   196.00001039,
  202,    25.20646095,638872.07761153,   210.18418012,   196.00001037,
  203,    17.60323048,638596.33501877,   210.17896168,     0.00001036,
  204,    13.80161524,638300.06370372,   210.17335473,   196.00001035,
  205,    34.40080762,638034.02802753,   210.16831999,     0.00001034,
  206,    22.20040381,638135.91017098,   210.17024811,     0.00001034,
  207,    16.10020190,637852.05122403,   210.16487606,   196.00001033,
  208,   179.55010095,637498.62173189,   210.15818739,   196.00001032,
  209,   261.27505048,637586.50696715,   210.15985062,   196.00001032,
  210,   449.13752524,638159.64956612,   210.17069738,   196.00001034,
  211,   249.06876262,638710.82084693,   210.18112833,   196.00001036,
  212,   222.53438131,638854.10646867,   210.18384002,   196.00001037,
  213,   282.76719065,639058.04926100,   210.18769965,   196.00001038,
  214,   459.88359533,639689.22063832,   210.19964460,   196.00001040,
  215,   327.94179766,640754.50630832,   210.21980519,     0.00001044,
  216,   237.47089883,641772.24912443,   210.23906603,     0.00001048,
  217,   123.73544942,642422.42051339,   210.25137056,     0.00001050,
  218,    66.86772471,642765.50618907,   210.25786348,     0.00001052,
  219,    38.43386235,642955.04900809,   210.26145059,     0.00001052,
  220,    24.21693118,643067.82039872,   210.26358479,     0.00001053,
  221,    17.10846559,643142.20607515,   210.26499254,     0.00001053,
  222,    13.55423279,643197.39889427,   210.26603707,     0.00001053,
  223,    11.77711640,642890.19528495,   210.26022323,   196.00001052,
  224,    10.88855820,642225.39346119,   210.24764181,   196.00001050,
  225,    10.44427910,641558.19253064,   210.23501500,   196.00001047,
  226,    10.22213955,640855.59204670,   210.22171824,   215.00001044,
  227,    10.11106977,640505.19178606,   210.21508690,     0.00001043,
  228,    10.05553489,640188.69163686,   210.20909712,   196.00001042,
  229,    10.02776744,639872.04154359,   210.20310450,     0.00001041,
  230,    10.01388372,639908.11647807,   210.20378722,     0.00001041,
  231,    10.00694186,639944.15392686,   210.20446923,     0.00001041,
  232,    10.00347093,639980.17263237,   210.20515088,     0.00001041,
  233,    10.00173547,640016.18196646,   210.20583236,     0.00001041,
  234,   165.00086773,640028.78661462,   210.20607090,   168.00001041,
  235,   166.50043387,640020.68892003,   210.20591766,   168.00001041,
  236,   240.75021693,640148.94005385,   210.20834482,   168.00001042,
  237,   277.87510847,640477.66560188,   210.21456597,   168.00001043,
  238,   222.93755423,640774.32835723,   210.22018032,   168.00001044,
  239,   268.96877712,641054.95971623,   210.22549129,   168.00001045,
  240,   218.48438856,641327.57537685,   210.23065056,   168.00001046,
  241,   266.74219428,641898.58318828,   210.24145691,     0.00001048,
  242,   138.37109714,642627.78707522,   210.25525714,     0.00001051,
  243,    74.18554857,643010.38899959,   210.26249790,     0.00001052,
  244,    42.09277428,643219.68994268,   210.26645893,     0.00001053,
  245,    26.04638714,642989.54039534,   210.26210334,   196.00001052,
  246,    18.02319357,642363.26560258,   210.25025105,   196.00001050,
  247,    18.51159679,641723.42818731,   210.23814209,   196.00001048,
  248,   107.25579839,641244.20946101,   210.22907285,   196.00001046,
  249,   151.62789920,641004.60007919,   210.22453823,   196.00001045,
  250,   247.31394960,641017.09536961,   210.22477470,   196.00001045,
  251,   221.65697480,641155.64299573,   210.22739673,   196.00001045,
  252,   208.82848740,641224.91678990,   210.22870774,   196.00001046,
  253,   202.41424370,641259.55366811,   210.22936324,   196.00001046,
  254,   125.70712185,641144.57208833,   210.22718721,   196.00001045,
  255,    87.35356092,640822.48127955,   210.22109162,   196.00001044,
  256,   141.67678046,640529.13585628,   210.21554004,   196.00001043,
  257,   242.33839023,640514.76312598,   210.21526804,   196.00001043,
  258,   219.16919512,640639.87674216,   210.21763582,   196.00001044,
  259,   281.08459756,640834.73353137,   210.22132350,   196.00001044,
  260,   312.04229878,641196.76190709,   210.22817490,   196.00001046,
  261,   180.52114939,641428.17607607,   210.23255443,   168.00001047,
  262,   185.26057469,641431.38314189,   210.23261512,   196.00001047,
  263,   190.63028735,641755.18665570,   210.23874312,     0.00001048,
  264,   104.81514367,642286.98839373,   210.24880750,     0.00001050,
  265,    57.40757184,642578.98924364,   210.25433363,     0.00001051,
  266,    33.70378592,642742.98964971,   210.25743735,     0.00001051,
  267,    21.85189296,642842.98983387,   210.25932986,     0.00001052,
  268,    15.92594648,642910.98990706,   210.26061677,     0.00001052,
  269,    12.96297324,642548.98992456,   210.25376590,   230.00001051,
  270,    14.48148662,641770.38991464,   210.23903085,   230.00001048,
  271,    16.74074331,641110.18989080,   210.22653652,   168.00001045,
  272,    18.87037165,640569.48986000,   210.21630374,   168.00001043,
  273,    19.93518583,640034.53982592,   210.20617978,   168.00001041,
  274,   240.96759291,639899.36479011,   210.20362159,   168.00001041,
  275,   277.98379646,640228.67725354,   210.20985385,   168.00001042,
  276,   443.49189823,640922.53346658,   210.22298511,   168.00001045,
  277,   526.24594911,642063.26155401,   210.24457346,   168.00001049,
  278,   567.62297456,643427.42557884,   210.27039034,   168.00001054,
  279,   588.31148728,644903.30757211,   210.29832149,   168.00001060,
  280,   598.65574364,646435.04854956,   210.32730978,   168.00001065,
  281,   603.82787182,647944.31901908,   210.35587281,   196.00001071,
  282,   546.91393591,649310.05423431,   210.38171942,   196.00001076,
  283,   371.45696795,650257.52182240,   210.39965030,   196.00001080,
  284,   283.72848398,650731.25559692,   210.40861574,   196.00001082,
  285,   239.86424199,650968.12246466,   210.41309846,   196.00001083,
  286,   144.43212099,650954.25587921,   210.41283603,   196.00001083,
  287,    77.21606050,651000.42256675,   210.41370974,     0.00001083,
  288,    43.60803025,651217.90589099,   210.41782562,     0.00001084,
  289,    26.80401512,651344.64753380,   210.42022422,     0.00001084,
  290,    18.40200756,651426.01833568,   210.42176416,     0.00001084,
  291,    14.20100378,651484.70371709,   210.42287479,     0.00001085,
  292,    12.10050189,651532.04638805,   210.42377075,     0.00001085,
  293,    11.05025095,651573.71770401,   210.42455938,     0.00001085,
  294,    10.52512547,651259.75334268,   210.41861759,   196.00001084,
  295,    29.76256274,650626.67114248,   210.40663647,   196.00001081,
  296,    39.38128137,650095.93002286,   210.39659217,   168.00001079,
  297,    30.19064068,649616.35944352,   210.38751627,   168.00001078,
  298,    99.09532034,649244.27413454,   210.38047453,   168.00001076,
  299,   133.54766017,649058.23146052,   210.37695366,   168.00001075,
  300,   224.27383009,649047.11010442,   210.37674319,   196.00001075,
  301,   210.13691504,649123.44940705,   210.37818791,   196.00001076,
  302,   110.06845752,648933.01903906,   210.37458401,   230.00001075,
  303,   230.03422876,648717.20383553,   210.37049969,   230.00001074,
  304,   377.01711438,648981.89621468,   210.37550901,   230.00001075,
  305,   450.50855719,649706.44238472,   210.38922109,   195.00001078,
  306,   469.75427860,650660.91545043,   210.40728455,   195.00001081,
  307,   405.87713930,651535.05196376,   210.42382763,   195.00001085,
  308,   300.43856965,652041.42020068,   210.43341068,   230.00001087,
  309,   191.71928482,652099.30429940,   210.43450614,   230.00001087,
  310,   137.35964241,651863.64632945,   210.43004630,   230.00001086,
  311,   183.67982121,652027.51732473,   210.43314756,     0.00001087,
  312,   312.33991060,652920.35280285,   210.45004453,     0.00001090,
  313,   303.16995530,654028.27052217,   210.47101193,     0.00001094,
  314,   225.08497765,654979.12936190,   210.48900699,     0.00001098,
  315,   117.54248883,655595.85876201,   210.50067863,     0.00001100,
  316,    83.27124441,655957.32344211,   210.50751937,     0.00001102,
  317,    66.13562221,656226.25576242,   210.51260893,     0.00001103,
  318,    57.56781110,656097.92190284,   210.51018020,   195.00001102,
  319,    52.78390555,655594.55495309,   210.50065395,   195.00001100,
  320,    50.39195278,655078.27145847,   210.49088326,   195.00001098,
  321,    49.19597639,654555.52969164,   210.48099034,   195.00001096,
  322,    48.59798819,654029.55878848,   210.47103631,   195.00001094,
  323,   121.79899410,653634.27331737,   210.46355551,   195.00001093,
  324,   231.89949705,653568.93056229,   210.46231890,   195.00001092,
  325,   286.94974852,653800.85916480,   210.46670816,   195.00001093,
  326,   314.47487426,654181.42344631,   210.47391036,   195.00001095,
  327,   254.73743713,654504.00556754,   210.48001525,   195.00001096,
  328,   371.86871857,654929.89660820,   210.48807526,   195.00001098,
  329,   430.43435928,655726.04210876,   210.50314236,   165.00001101,
  330,   371.21717964,656575.01483921,   210.51920921,   165.00001104,
  331,   194.10858982,656944.60118469,   210.52620366,   195.00001105,
  332,   415.05429491,657339.09433726,   210.53366946,   195.00001107,
  333,   452.02714746,658197.84089359,   210.54992129,   195.00001110,
  334,   470.51357373,659102.41415180,   210.56704039,   225.00001113,
  335,   494.75678686,660083.90076074,   210.58561508,   195.00001117,
  336,   344.87839343,660893.24404497,   210.60093195,   195.00001120,
  337,   269.93919672,661297.91566705,   210.60859038,   195.00001122,
  338,   158.96959836,661718.95145792,   210.61655851,     0.00001123,
  339,    85.98479918,662159.86933298,   210.62490290,     0.00001125,
  340,    49.49239959,662403.72825012,   210.62951795,     0.00001126,
  341,    31.24619979,662198.05768852,   210.62562562,   195.00001125,
  342,    22.12309990,661592.12238755,   210.61415826,   195.00001123,
  343,    17.56154995,660961.55471668,   210.60222473,   195.00001120,
  344,    15.28077497,660318.67086129,   210.59005812,   195.00001118,
  345,    31.64038749,659701.12891364,   210.57837110,   195.00001116,
  346,   333.82019374,659656.95791964,   210.57753516,   195.00001116,
  347,   411.41009687,660296.37240247,   210.58963612,   195.00001118,
  348,   523.70504844,661277.57962391,   210.60820552,   195.00001122,
  349,   432.85252422,661946.38321425,   210.62086266,   390.00001124,
  350,   221.42626211,661720.08498904,   210.61657996,   390.00001123,
  351,   305.71313105,661264.93585626,   210.60796623,   390.00001122,
  352,   347.85656553,661388.36126992,   210.61030207,   195.00001122,
  353,   344.92828276,661933.37395636,   210.62061646,   195.00001124,
  354,   416.96414138,662602.78027941,   210.63328502,   195.00001127,
  355,   379.48207069,663334.38342060,   210.64713065,   195.00001129,
  356,   434.24103535,664097.08497089,   210.66156482,   195.00001132,
  357,   461.62051767,665007.63572544,   210.67879704,   195.00001136,
  358,   475.31025884,665992.11108211,   210.69742829,   195.00001139,
  359,   555.65512942,667145.84873985,   210.71926285,   195.00001144,
  360,   522.32756471,668735.21754812,   210.74934174,     0.00001150,
  361,   408.16378235,670410.10193123,   210.78103902,     0.00001156,
  362,   351.08189118,671776.74410175,   210.80690280,     0.00001161,
  363,   322.54094559,672989.26516599,   210.82984983,     0.00001166,
  364,   308.27047279,674124.72567701,   210.85133849,     0.00001170,
  365,   301.13523640,674870.65591126,   210.86545526,   195.00001173,
  366,   248.06761820,675157.22100711,   210.87087852,   195.00001174,
  367,   148.03380910,675222.20353379,   210.87210832,   165.00001174,
  368,    83.01690455,674990.09477611,   210.86771565,   195.00001174,
  369,    46.50845227,674521.24037624,   210.85884255,   195.00001172,
  370,   113.25422614,674106.81315527,   210.85099949,   195.00001170,
  371,   227.62711307,674018.39952355,   210.84932626,   195.00001170,
  372,   358.31355653,674371.09268665,   210.85600100,   195.00001171,
  373,   423.65677827,675076.63924718,   210.86935351,   195.00001174,
  374,   382.82838913,675826.31250620,   210.88354111,   195.00001177,
  375,   288.91419457,676333.44911447,   210.89313870,   195.00001179,
  376,   315.45709728,676719.31739736,   210.90044128,   195.00001180,
  377,   402.22854864,677309.15151734,   210.91160393,   195.00001182,
  378,   372.11427432,678000.96855605,   210.92469660,   195.00001185,
  379,   210.05713716,678346.87705386,   210.93124294,   195.00001186,
  380,   129.02856858,678255.23128131,   210.92950854,   195.00001186,
  381,    88.51428429,677944.80837387,   210.92363377,   195.00001185,
  382,   141.75714215,677657.29689897,   210.91819260,   195.00001184,
  383,   241.87857107,677645.84114006,   210.91797580,   195.00001184,
  384,   365.43928554,678388.01323937,   210.93202145,     0.00001186,
  385,   402.71964277,679770.69926756,   210.95818886,     0.00001192,
  386,   206.35982138,680867.04226020,   210.97893721,     0.00001196,
  387,   108.17991069,681433.21373485,   210.98965204,     0.00001198,
  388,    59.08995535,681734.29945072,   210.99535010,     0.00001199,
  389,    34.54497767,681902.84228703,   210.99853979,     0.00001200,
  390,    22.27248884,681654.11368338,   210.99383258,   195.00001199,
  391,    20.13624442,681028.44936009,   210.98199185,   195.00001196,
  392,    34.06812221,680424.01717678,   210.97055294,   195.00001194,
  393,    41.03406110,679857.20106388,   210.95982591,   195.00001192,
  394,    25.51703055,679625.99298597,   210.95545028,     0.00001191,
  395,    17.75851528,679703.88892556,   210.95692447,     0.00001191,
  396,    13.87925764,679760.83687411,   210.95800221,     0.00001192,
  397,    11.93962882,679807.31082693,   210.95888173,     0.00001192,
  398,    10.96981441,679848.54778167,   210.95966215,     0.00001192,
  399,    10.48490720,679536.16623779,   210.95375031,   195.00001191,
  400,    29.24245360,678905.67544442,   210.94181823,   195.00001188,
  401,    38.62122680,678325.83002651,   210.93084463,   195.00001186,
  402,    43.31061340,677771.30729635,   210.92035025,   195.00001184,
  403,    45.65530670,677229.44590982,   210.91009549,   195.00001182,
  404,    27.82765335,676659.71519530,   210.89931331,   195.00001180,
  405,    18.91382668,676041.84981702,   210.88762017,   195.00001178,
  406,    14.45691334,675399.91710685,   210.87547156,   195.00001175,
  407,    31.22845667,675131.15073073,   210.87038514,     0.00001174,
  408,    20.61422833,675224.46752165,   210.87215116,     0.00001174,
  409,    15.30711417,675289.12589586,   210.87337483,     0.00001175,
  410,    12.65355708,675339.45506194,   210.87432731,     0.00001175,
  411,    11.32677854,675382.61962374,   210.87514420,     0.00001175,
  412,    10.66338927,675422.20188339,   210.87589330,     0.00001175,
  413,    10.33169464,675459.99299219,   210.87660850,     0.00001175,
  414,    10.16584732,675145.88852556,   210.87066405,   195.00001174,
  415,    10.08292366,674480.33627122,   210.85806844,   195.00001172,
  416,    29.04146183,673848.76012281,   210.84611582,   195.00001169,
  417,    38.52073091,673268.37202757,   210.83513195,   195.00001167,
  418,    24.26036546,672679.37795914,   210.82398520,   195.00001165,
  419,   109.63018273,672218.38090389,   210.81526080,   195.00001163,
  420,   152.31509136,671987.88235524,   210.81089861,   195.00001162,
  421,   173.65754568,671872.63306010,   210.80871751,   195.00001162,
  422,   110.82877284,671682.70839150,   210.80512317,   195.00001161,
  423,    79.41438642,671323.14603638,   210.79831843,   195.00001160,
  424,   357.70719321,671407.96483812,   210.79992363,   195.00001160,
  425,   496.85359661,672244.17421817,   210.81574894,   195.00001163,
  426,   492.92679830,673323.77888717,   210.83618052,   195.00001167,
  427,   417.46339915,674260.48120064,   210.85390767,   195.00001171,
  428,   306.23169958,674861.13233613,   210.86527503,   195.00001173,
  429,   250.61584979,675161.45788263,   210.87095870,   195.00001174,
  430,   296.30792489,675443.92063464,   210.87630433,   195.00001175,
  431,   245.65396245,675717.45198940,   210.88148092,   195.00001176,
  432,   146.82698122,676072.91764554,   210.88820813,     0.00001178,
  433,    78.41349061,676478.35045237,   210.89588097,     0.00001179,
  434,    44.20674531,676699.06683454,   210.90005804,     0.00001180,
  435,    27.10337265,676827.42500438,   210.90248723,     0.00001180,
  436,    18.55168633,676909.60406784,   210.90404247,     0.00001181,
  437,    14.27584316,676968.69357833,   210.90516074,     0.00001181,
  438,    12.13792158,677016.23831233,   210.90606053,     0.00001181,
  439,    11.06896079,676707.01065808,   210.90020838,   195.00001180,
  440,    29.53448040,676078.09680983,   210.88830615,   195.00001178,
  441,    38.76724020,675499.03986445,   210.87734746,   195.00001175,
  442,    81.88362010,675014.21137052,   210.86817205,   195.00001174,
  443,   138.44181005,674708.79710275,   210.86239207,   195.00001172,
  444,   166.72090502,674556.08994761,   210.85950208,   195.00001172,
  445,   107.36045251,674347.43634902,   210.85555330,   195.00001171,
  446,    77.68022626,673978.50952869,   210.84857134,   195.00001170,
  447,    62.84011313,673529.44609734,   210.84007279,   195.00001168,
  448,   275.92005656,673437.21436083,   210.83832730,   195.00001168,
  449,   382.46002828,673920.29847133,   210.84746969,   195.00001169,
  450,   362.23001414,674558.74050572,   210.85955224,   195.00001172,
  451,   205.11500707,674877.96150182,   210.86559352,   195.00001173,
  452,   126.55750354,674772.97197889,   210.86360659,   195.00001173,
  453,    87.27875177,674455.87719639,   210.85760555,   195.00001172,
  454,    67.63937588,674032.72978390,   210.84959746,   195.00001170,
  455,    57.81968794,673556.55605663,   210.84058585,   195.00001168,
  456,    52.90984397,673053.86917218,   210.83107247,   195.00001166,
  457,    31.45492199,672503.72570905,   210.82066097,   195.00001164,
  458,    20.72746099,671895.65395650,   210.80915318,   195.00001162,
  459,    24.36373050,671625.81805920,   210.80404652,     0.00001161,
  460,    14.68186525,671696.10008973,   210.80537661,     0.00001161,
  461,     9.84093262,671740.24108418,   210.80621198,     0.00001161,
  462,     7.42046631,671771.31156038,   210.80679999,     0.00001161,
  463,     6.21023316,671444.84677767,   210.80062163,   195.00001160,
  464,     5.60511658,670818.11436528,   210.78876068,   165.00001158,
  465,    11.80255829,670255.44813827,   210.77811219,   165.00001156,
  466,   161.90127914,669974.11500396,   210.77278794,   165.00001155,
  467,   163.45063957,669965.74841598,   210.77262961,   165.00001155,
  468,   237.72531979,670039.86510118,   210.77403227,   195.00001155,
  469,   121.36265989,669984.22342319,   210.77297925,   195.00001155,
  470,    84.68132995,669653.10256337,   210.76671277,   195.00001153,
  471,    66.34066497,669222.94211287,   210.75857196,   195.00001152,
  472,   130.67033249,668875.56186680,   210.75199776,   195.00001150,
  473,   162.83516624,669052.87172317,   210.75535336,     0.00001151,
  474,   228.41758312,669460.12663053,   210.76306069,   165.00001153,
  475,   196.70879156,669631.35406341,   210.76630117,   165.00001153,
  476,   107.35439578,669530.66775903,   210.76439568,   195.00001153,
  477,    77.67719789,669161.72458624,   210.75741341,   195.00001151,
  478,    62.83859895,669063.65297903,   210.75555740,     0.00001151,
  479,    33.91929947,669237.81715483,   210.75885347,     0.00001152,
  480,    19.45964974,669333.89922213,   210.76067182,     0.00001152,
  481,    12.22982487,669390.94023475,   210.76175133,     0.00001152,
  482,     8.61491243,669428.46072024,   210.76246141,     0.00001152,
  483,     6.80745622,669456.22094239,   210.76298677,     0.00001153,
  484,     5.90372811,669479.10103287,   210.76341978,     0.00001153,
  485,     5.45186405,669499.54105729,   210.76380661,     0.00001153,
  486,     5.22593203,669518.76104869,   210.76417035,     0.00001153,
  487,     5.11296601,669186.37102379,   210.75787985,   195.00001152,
  488,    26.55648301,668541.37599052,   210.74567328,   195.00001149,
  489,    37.27824150,667954.27845329,   210.73456242,   195.00001147,
  490,   116.13912075,667528.42966408,   210.72650321,   195.00001145,
  491,   155.56956038,667315.50524887,   210.72247360,   195.00001144,
  492,   101.78478019,667076.74302067,   210.71795502,   195.00001144,
  493,    74.89239009,666692.76188597,   210.71068815,   195.00001142,
  494,   134.94619505,666368.47129802,   210.70455093,   195.00001141,
  495,    91.47309752,666074.02598366,   210.69897854,   195.00001140,
  496,   363.73654876,666191.40330609,   210.70119991,   195.00001140,
  497,   499.86827438,667043.89194650,   210.71733331,   195.00001143,
  498,   494.43413719,668131.63624610,   210.73791893,   195.00001148,
  499,   271.21706860,668861.80837530,   210.75173748,   165.00001150,
  500,   220.60853430,669054.09441909,   210.75537650,   220.00001151,
  501,   115.30426715,668965.73742017,   210.75370434,   165.00001151,
  502,    62.65213357,668692.05890011,   210.74852496,   165.00001150,
  503,    40.32606679,668283.41961926,   210.74079144,   165.00001148,
  504,    29.16303339,668111.49995846,   210.73753785,     0.00001148,
  505,    19.58151670,668199.24010724,   210.73919834,     0.00001148,
  506,    14.79075835,668261.11016082,   210.74036923,     0.00001148,
  507,    12.39537917,668310.04516701,   210.74129533,     0.00001148,
  508,    11.19768959,668352.51264929,   210.74209903,     0.00001148,
  509,    10.59884479,668391.74636983,   210.74284153,     0.00001149,
  510,    10.29942240,668132.36320929,   210.73793269,   165.00001148,
  511,    10.14971120,667521.17160863,   210.72636585,   195.00001145,
  512,    10.07485560,666855.57578749,   210.71376941,   195.00001143,
  513,   177.53742780,666491.27785653,   210.70687505,   195.00001141,
  514,   259.76871390,666576.42887067,   210.70848654,   195.00001142,
  515,   227.38435695,666751.30435714,   210.71179607,   195.00001142,
  516,   137.69217847,666706.44207977,   210.71094705,   195.00001142,
  517,    92.84608924,666419.41092071,   210.70551497,   195.00001141,
  518,    51.42304462,665977.09532071,   210.69714412,   195.00001139,
  519,   196.71152231,665721.73750015,   210.69231146,   195.00001138,
  520,   195.85576115,665726.35856949,   210.69239891,   195.00001138,
  521,   195.42788058,666079.66908355,   210.69908533,     0.00001140,
  522,   171.21394029,666739.62431999,   210.71157502,     0.00001142,
  523,   159.10697014,667334.20191761,   210.72282744,     0.00001145,
  524,   153.05348507,667896.09069582,   210.73346122,     0.00001147,
  525,   150.02674254,668090.63506432,   210.73714298,   195.00001147,
  526,    80.01337127,667856.70722776,   210.73271588,   165.00001147,
  527,    45.00668563,667784.74328910,   210.73135396,     0.00001146,
  528,    27.50334282,667915.26129895,   210.73382402,     0.00001147,
  529,    18.75167141,667998.52028328,   210.73539970,     0.00001147,
  530,    14.37583570,668058.14975463,   210.73652819,     0.00001147,
  531,    12.18791785,668105.96446992,   210.73743309,     0.00001147,
  532,    11.09395893,668147.87180696,   210.73822619,     0.00001148,
  533,    10.54697946,668186.82545467,   210.73896339,     0.00001148,
  534,    10.27348973,668224.30225793,   210.73967264,     0.00001148,
  535,    10.13674487,667910.04063874,   210.73372522,   195.00001147,
  536,    28.56837243,667277.70980855,   210.72175832,   195.00001144,
  537,    19.28418622,666661.84437285,   210.71010304,   195.00001142,
  538,   107.14209311,666187.41163440,   210.70112437,   195.00001140,
  539,   224.57104655,666019.49524480,   210.69794654,   230.00001140,
  540,   300.78552328,666200.13702961,   210.70136520,   195.00001140,
  541,   247.89276164,666485.75790120,   210.70677059,   195.00001141,
  542,   128.94638082,666462.06831661,   210.70632226,   195.00001141,
  543,    69.47319041,666117.22350393,   210.69979605,   195.00001140,
  544,   155.73659520,665820.60107699,   210.69418246,   195.00001139,
  545,   248.86829760,666197.88984314,   210.70132267,     0.00001140,
  546,   197.93414880,666705.13420544,   210.71092230,   165.00001142,
  547,   254.96707440,666926.35636597,   210.71510894,   165.00001143,
  548,   283.48353720,667301.56742563,   210.72220983,   165.00001144,
  549,   150.74176860,667489.17293487,   210.72576028,   165.00001145,
  550,    84.37088430,667318.37566867,   210.72252793,   165.00001145,
  551,    47.18544215,666844.17701497,   210.71355369,   230.00001143,
  552,    48.59272108,666602.57766752,   210.70898141,     0.00001142,
  553,   155.29636054,666969.57797342,   210.71592691,     0.00001143,
  554,    82.64818027,667397.87810555,   210.72403252,     0.00001145,
  555,    46.32409013,667630.02815123,   210.72842597,     0.00001146,
  556,    28.16204507,667764.10315347,   210.73096335,     0.00001146,
  557,    19.08102253,667849.14063378,   210.73257268,     0.00001147,
  558,    14.54051127,667909.65935354,   210.73371800,     0.00001147,
  559,     7.27025563,667597.91869283,   210.72781829,   195.00001146,
  560,     7.63512782,667273.74834166,   210.72168335,     0.00001144,
  561,     3.81756391,667294.36314569,   210.72207349,     0.00001144,
  562,     1.90878195,666953.67052689,   210.71562586,   195.00001143,
  563,    24.95439098,666651.02419710,   210.70989826,     0.00001142,
  564,    12.47719549,666718.40101161,   210.71117337,     0.00001142,
  565,     6.23859774,666401.08939848,   210.70516823,   195.00001141,
  566,    27.11929887,665759.13357150,   210.69301918,   195.00001139,
  567,    37.55964944,665173.55563743,   210.68193709,   195.00001136,
  568,    42.77982472,664616.16665010,   210.67138847,   195.00001134,
  569,    23.88991236,664034.17213611,   210.66037419,   195.00001132,
  570,    14.44495618,663401.17485888,   210.64839468,   195.00001130,
  571,     9.72247809,662742.67619997,   210.63593255,   195.00001127,
  572,    28.86123904,662110.12685043,   210.62396152,   195.00001125,
  573,   185.43061952,661793.85215527,   210.61797601,   195.00001124,
  574,   263.71530976,661900.31478773,   210.61999082,   195.00001124,
  575,   229.35765488,662436.84608380,   210.63014470,     0.00001126,
  576,   116.17882744,663058.81171123,   210.64191544,     0.00001128,
  577,    58.08941372,663372.49450456,   210.64785190,     0.00001130,
  578,    29.04470686,663529.33588105,   210.65082013,     0.00001130,
  579,    14.52235343,663607.75654870,   210.65230425,     0.00001130,
  580,     7.26117672,663646.96686236,   210.65304631,     0.00001131,
  581,     3.63058836,663666.57199880,   210.65341734,     0.00001131,
  582,     1.81529418,663325.37454664,   210.64696015,   195.00001129,
  583,     2.40764709,662630.97580038,   210.63381862,   195.00001127,
  584,     2.70382354,661992.17640687,   210.62172930,   165.00001124,
  585,   157.35191177,661632.27669016,   210.61491818,   195.00001123,
  586,   102.67595589,661398.32681142,   210.61049067,   195.00001122,
  587,    75.33797794,661016.75185210,   210.60326934,   195.00001121,
  588,    61.66898897,660561.36435205,   210.59465110,   195.00001119,
  589,    54.83449449,660069.07058207,   210.58533442,   195.00001117,
  590,    28.91724724,659517.82367712,   210.57490204,   195.00001115,
  591,   185.45862362,659201.70020448,   210.56891938,   195.00001114,
  592,   190.22931181,659175.93844820,   210.56843184,   195.00001114,
  593,   100.11465591,658996.55755011,   210.56503705,   195.00001113,
  594,    55.05732795,658573.86708089,   210.55703761,   195.00001111,
  595,    32.52866398,658029.52182633,   210.54673584,   195.00001109,
  596,    21.26433199,657424.34917909,   210.53528291,   195.00001107,
  597,    15.63216599,656788.76283551,   210.52325441,   195.00001105,
  598,    21.81608300,656505.16964399,   210.51788739,     0.00001104,
  599,   157.90804150,656828.67302848,   210.52400971,     0.00001105,
  600,   152.45402075,657387.32470056,   210.53458222,     0.00001107,
  601,   149.72701037,657931.25051686,   210.54487605,     0.00001109,
  602,    76.36350519,658338.21340505,   210.55257785,     0.00001111,
  603,    39.68175259,658547.09482919,   210.55653094,     0.00001111,
  604,    21.34087630,658656.93552109,   210.55860968,     0.00001112,
  605,    12.17043815,658717.25584708,   210.55975125,     0.00001112,
  606,     7.58521907,658752.81599013,   210.56042422,     0.00001112,
  607,     5.29260954,658424.99604169,   210.55422021,   195.00001111,
  608,     5.14630477,657741.78604752,   210.54129042,   195.00001108,
  609,     5.07315238,657058.18103048,   210.52835316,   195.00001106,
  610,    26.53657619,656413.07850200,   210.51614456,   195.00001103,
  611,   110.76828810,655958.22721802,   210.50753647,   195.00001102,
  612,   152.88414405,655730.80155607,   210.50323243,   195.00001101,
  613,   247.44207202,655749.38870536,   210.50358419,   195.00001101,
  614,   294.72103601,656023.28226005,   210.50876764,   195.00001102,
  615,   171.36051801,656160.22901765,   210.51135937,   195.00001102,
  616,   109.68025900,655964.10237671,   210.50764766,   195.00001102,
  617,   152.34012950,655733.73903629,   210.50328802,   195.00001101,
  618,   173.67006475,655618.55734612,   210.50110820,   195.00001100,
  619,   257.83503238,655693.26648151,   210.50252208,   195.00001101,
  620,   299.91751619,655995.22102925,   210.50823658,   195.00001102,
  621,   247.45875809,656278.49828316,   210.51359762,   195.00001103,
  622,   294.72937905,656552.43689038,   210.51878192,   195.00001104,
  623,   244.86468952,656821.70617424,   210.52387786,   195.00001105,
  624,   219.93234476,656956.34079601,   210.52642583,   195.00001105,
  625,   114.96617238,657208.15808693,   210.53119149,     0.00001106,
  626,    62.48308619,657527.56671244,   210.53723631,     0.00001107,
  627,    33.74154310,657700.77100545,   210.54051421,     0.00001108,
  628,    19.37077155,657796.37313200,   210.54232349,     0.00001108,
  629,    12.18538577,657853.17417532,   210.54339845,     0.00001109,
  630,     8.59269289,657890.57467681,   210.54410626,     0.00001109,
  631,     6.79634644,657567.27490760,   210.53798779,   195.00001108,
  632,     5.89817322,656888.12500325,   210.52513484,   195.00001105,
  633,     5.44908661,656260.55003134,   210.51325795,   165.00001103,
  634,   100.22454331,655856.76252543,   210.50561625,   165.00001101,
  635,   132.61227165,655681.86875273,   210.50230637,   165.00001100,
  636,   148.80613583,655594.42184664,   210.50065144,   165.00001100,
  637,   156.90306791,655550.69837385,   210.49982397,   165.00001100,
  638,   160.95153396,655528.83661772,   210.49941023,   165.00001100,
  639,   236.47576698,655650.20571991,   210.50170715,   165.00001100,
  640,   200.73788349,655843.19025127,   210.50535939,   165.00001101,
  641,   256.36894174,656071.98249699,   210.50968930,   165.00001102,
  642,   284.18447087,656450.97859989,   210.51686182,   165.00001103,
  643,   298.09223544,656905.07663161,   210.52545565,   165.00001105,
  644,   231.54611772,657264.42562729,   210.53225635,   165.00001106,
  645,   271.77305886,657576.40010539,   210.53816049,   165.00001108,
  646,   291.88652943,657996.98732449,   210.54612012,   165.00001109,
  647,   375.44326471,658550.18091408,   210.55658934,   195.00001111,
  648,   498.22163236,659420.77768871,   210.57306544,   195.00001115,
  649,   420.11081618,660722.77605606,   210.59770583,     0.00001120,
  650,   215.05540809,661866.07521936,   210.61934283,     0.00001124,
  651,   112.52770404,662455.72478062,   210.63050198,     0.00001126,
  652,    61.26385202,662768.54954087,   210.63642221,     0.00001127,
  653,    35.63192601,662942.96190082,   210.63972297,     0.00001128,
  654,    22.81596301,662697.16806041,   210.63507131,   195.00001127,
  655,    20.40798150,662072.97112004,   210.62325835,   195.00001125,
  656,    24.20399075,661451.27262946,   210.61149267,   195.00001122,
  657,    36.10199538,660857.82336422,   210.60026161,   195.00001120,
  658,   189.05099769,660561.09871130,   210.59464608,   195.00001119,
  659,   265.52549884,660677.33636484,   210.59684588,   195.00001119,
  660,   303.76274942,661000.05517144,   210.60295335,   195.00001121,
  661,   249.38137471,661239.71455436,   210.60748892,   225.00001121,
  662,   163.69068736,661227.24422564,   210.60725292,   195.00001121,
  663,   326.34534368,661407.30904112,   210.61066066,   195.00001122,
  664,   407.67267184,662026.54142847,   210.62237966,   195.00001124,
  665,   521.83633592,662997.65760197,   210.64075809,   195.00001128,
  666,   431.91816796,664012.41566834,   210.65996245,   195.00001132,
  667,   313.45908398,664652.09468093,   210.67206841,   195.00001134,
  668,   327.72954199,665104.23416662,   210.68062517,   195.00001136,
  669,   334.86477099,665594.90388908,   210.68991113,   195.00001138,
  670,   338.43238550,666104.83872971,   210.69956167,   195.00001140,
  671,   413.71619275,666756.70612964,   210.71189830,   195.00001142,
  672,   451.35809637,667611.83980880,   210.72808175,   195.00001146,
  673,   396.67904819,668436.30662756,   210.74368483,   195.00001149,
  674,   295.83952409,669331.84001612,   210.76063285,     0.00001152,
  675,   147.91976205,670130.60668959,   210.77574956,     0.00001155,
  676,    73.95988102,670529.99000562,   210.78330791,     0.00001157,
  677,    36.97994051,670729.68164266,   210.78708709,     0.00001157,
  678,    18.48997026,670478.52744058,   210.78233398,   195.00001156,
  679,    33.24498513,669869.65031851,   210.77081094,   195.00001154,
  680,    40.62249256,669300.61173666,   210.76004186,   195.00001152,
  681,    44.31124628,668751.49242514,   210.74964974,   195.00001150,
  682,   193.15562314,668476.93274878,   210.74445369,   195.00001149,
  683,   341.07781157,668736.55289000,   210.74936701,   195.00001150,
  684,   415.03890579,669395.56294001,   210.76183881,   195.00001152,
  685,   452.01945289,670191.26794399,   210.77689758,   230.00001155,
  686,   341.00972645,670790.72042516,   210.78824225,   230.00001158,
  687,   359.00486322,671231.74664472,   210.79658870,   225.00001159,
  688,   512.50243161,671990.45973348,   210.81094738,   225.00001162,
  689,   589.25121581,673163.61625705,   210.83314944,   225.00001167,
  690,   554.12560790,674465.69449758,   210.85779134,   195.00001172,
  691,   595.06280395,675832.23359661,   210.88365317,   195.00001177,
  692,   542.03140198,677177.00312484,   210.90910301,   195.00001182,
  693,   589.01570099,678510.88786762,   210.93434686,   195.00001187,
  694,   539.00785049,679839.33021737,   210.95948770,   195.00001192,
  695,   514.00392525,681383.75137077,   210.98871596,     0.00001198,
  696,   551.00196262,683300.76192580,   211.02499549,     0.00001205,
  697,   275.50098131,684788.46718153,   211.05315040,     0.00001211,
  698,   137.75049066,685532.31978735,   211.06722785,     0.00001213,
  699,    68.87524533,685904.24606838,   211.07426658,     0.00001215,
  700,    34.43762266,686090.20918721,   211.07778594,     0.00001216,
  701,    17.21881133,686183.19072475,   211.07954562,     0.00001216,
  702,     8.60940567,685932.68147163,   211.07480472,   165.00001215,
  703,     5.80470283,685364.62682318,   211.06405425,   165.00001213,
  704,     4.40235142,684788.99947728,   211.05316047,   165.00001211,
  705,     3.70117571,684155.58578266,   211.04117308,   195.00001208,
  706,     3.35058785,683466.27891368,   211.02812791,   195.00001206,
  707,     3.17529393,682776.02545752,   211.01506483,   195.00001203,
  708,    99.08764696,682258.09870776,   211.00526303,   195.00001201,
  709,    73.54382348,681866.83531121,   210.99785835,   195.00001200,
  710,    60.77191174,681406.60359148,   210.98914844,   195.00001198,
  711,    54.38595587,680911.88770994,   210.97978591,   195.00001196,
  712,    32.19297794,680365.72974772,   210.96944984,   195.00001194,
  713,    21.09648897,679759.65074515,   210.95797976,   195.00001192,
  714,    29.54824448,679148.81122240,   210.94641959,   195.00001189,
  715,    19.77412224,678535.59143957,   210.93481437,   195.00001187,
  716,    33.88706112,677930.18152692,   210.92335696,   195.00001185,
  717,    21.94353056,677328.67654946,   210.91197344,   195.00001182,
  718,   108.47176528,676861.42403948,   210.90313066,   195.00001181,
  719,    55.73588264,676805.99776304,   210.90208171,     0.00001180,
  720,    29.36794132,676959.18460357,   210.90498078,     0.00001181,
  721,    16.18397066,677041.17800281,   210.90653251,     0.00001181,
  722,     9.59198533,677087.57468097,   210.90741057,     0.00001181,
  723,     6.29599267,677116.17299902,   210.90795180,     0.00001182,
  724,     4.64799633,677135.87213681,   210.90832461,     0.00001182,
  725,     3.82399817,677151.12168424,   210.90861320,     0.00001182,
  726,     3.41199908,677164.14643672,   210.90885970,     0.00001182,
  727,     3.20599954,676825.05879171,   210.90244244,   195.00001180,
  728,    13.60299977,676153.31494796,   210.88972965,   195.00001178,
  729,    30.80149989,675531.24300506,   210.87795691,   195.00001176,
  730,    20.40074994,674921.40701258,   210.86641573,   195.00001173,
  731,    29.20037497,674308.68899510,   210.85482000,   195.00001171,
  732,    19.60018749,673694.52996533,   210.84319701,   195.00001169,
  733,    14.80009374,673054.45042942,   210.83108347,   195.00001166,
  734,    12.40004687,672401.41064065,   210.81872465,   195.00001164,
  735,    30.20002344,671776.09072545,   210.80689044,   195.00001161,
  736,    39.10001172,671198.83074682,   210.79596576,   195.00001159,
  737,    43.55000586,670645.60073669,   210.78549585,   195.00001157,
  738,    26.77500293,670007.18571103,   210.77341381,   230.00001155,
  739,    18.38750146,669323.47817738,   210.76047461,   195.00001152,
  740,    14.19375073,668680.12438996,   210.74829910,   195.00001150,
  741,    12.09687537,668025.44747565,   210.73590930,   195.00001147,
  742,    11.04843768,667365.10899789,   210.72341236,   195.00001145,
