TIME,PRECIP(mm),LOSS(mm),EXCESS(mm),DIRECT FLOW(m3/s),BASE FLOW(m3/s),TOTAL FLOW(m3/s),
    0,     0.00000000,     0.00000000,     0.00000000,     0.00000000,     0.00000000,     0.00000000,
    1,     0.00000000,     0.00000000,     0.00000000,     0.00000000,     0.00000000,     0.00000000,
    2,     0.00000000,     0.00000000,     0.00000000,     0.00000000,     0.00000000,     0.00000000,
    3,     0.00000000,     0.00000000,     0.00000000,     0.00000000,     0.00000000,     0.00000000,
    4,     0.00000000,     0.00000000,     0.00000000,     0.00000000,     0.00000000,     0.00000000,
    5,     0.00000000,     0.00000000,     0.00000000,     0.00000000,     0.00000000,     0.00000000,
    6,     0.00000000,     0.00000000,     0.00000000,     0.00000000,     0.00000000,     0.00000000,
    7,     0.00000000,     0.00000000,     0.00000000,     0.00000000,     0.00000000,     0.00000000,
    8,     0.00000000,     0.00000000,     0.00000000,     0.00000000,     0.00000000,     0.00000000,
    9,     0.00000000,     0.00000000,     0.00000000,     0.00000000,     0.00000000,     0.00000000,
   10,     0.00000000,     0.00000000,     0.00000000,     0.00000000,     0.00000000,     0.00000000,
   11,     0.00000000,     0.00000000,     0.00000000,     0.00000000,     0.00000000,     0.00000000,
   12,     0.00000000,     0.00000000,     0.00000000,     0.00000000,     0.00000000,     0.00000000,
   13,     0.00000000,     0.00000000,     0.00000000,     0.00000000,     0.00000000,     0.00000000,
   14,     0.00000000,     0.00000000,     0.00000000,     0.00000000,     0.00000000,     0.00000000,
   15,     0.00000000,     0.00000000,     0.00000000,     0.00000000,     0.00000000,     0.00000000,
   16,     0.00000000,     0.00000000,     0.00000000,     0.00000000,     0.00000000,     0.00000000,
   17,     0.00000000,     0.00000000,     0.00000000,     0.00000000,     0.00000000,     0.00000000,
   18,     0.00000000,     0.00000000,     0.00000000,     0.00000000,     0.00000000,     0.00000000,
   19,     0.00000000,     0.00000000,     0.00000000,     0.00000000,     0.00000000,     0.00000000,
   20,     0.00000000,     0.00000000,     0.00000000,     0.00000000,     0.00000000,     0.00000000,
   21,     0.00000000,     0.00000000,     0.00000000,     0.00000000,     0.00000000,     0.00000000,
   22,     0.00000000,     0.00000000,     0.00000000,     0.00000000,     0.00000000,     0.00000000,
   23,     0.00000000,     0.00000000,     0.00000000,     0.00000000,     0.00000000,     0.00000000,
   24,     0.00830000,     0.00747000,     0.00083000,     0.00090408,     0.00000000,     0.00090408,
   25,     0.00830000,     0.00747000,     0.00083000,     0.00371679,     0.00000000,     0.00371679,
   26,     0.00830000,     0.00747000,     0.00083000,     0.00912874,     0.00000000,     0.00912874,
   27,     0.00830000,     0.00747000,     0.00083000,     0.01815702,     0.00000000,     0.01815702,
   28,     0.00830000,     0.00747000,     0.00083000,     0.03176851,     0.00000000,     0.03176851,
   29,     0.00830000,     0.00747000,     0.00083000,     0.04941070,     0.00000000,     0.04941070,
   30,     0.00830000,     0.00747000,     0.00083000,     0.06956424,     0.00000000,     0.06956424,
   31,     0.00830000,     0.00747000,     0.00083000,     0.09078510,     0.00000000,     0.09078510,
   32,     0.00830000,     0.00747000,     0.00083000,     0.11200596,     0.00000000,     0.11200596,
   33,     0.00830000,     0.00747000,     0.00083000,     0.13215950,     0.00000000,     0.13215950,
   34,     0.00830000,     0.00747000,     0.00083000,     0.15060533,     0.00000000,     0.15060533,
   35,     0.00830000,     0.00747000,     0.00083000,     0.16700441,     0.00000000,     0.16700441,
   36,     0.00830000,     0.00747000,     0.00083000,     0.18076658,     0.00000000,     0.18076658,
   37,     0.00830000,     0.00747000,     0.00083000,     0.19171604,     0.00000000,     0.19171604,
   38,     0.00830000,     0.00747000,     0.00083000,     0.20056853,     0.00000000,     0.20056853,
   39,     0.00830000,     0.00747000,     0.00083000,     0.20783887,     0.00000000,     0.20783887,
   40,     0.00830000,     0.00747000,     0.00083000,     0.21381587,     0.00000000,     0.21381587,
   41,     0.00830000,     0.00747000,     0.00083000,     0.21887623,     0.00000000,     0.21887623,
   42,     0.00830000,     0.00747000,     0.00083000,     0.22306892,     0.00000000,     0.22306892,
   43,     0.00830000,     0.00747000,     0.00083000,     0.22650821,     0.00000000,     0.22650821,
   44,     0.00830000,     0.00747000,     0.00083000,     0.22934477,     0.00000000,     0.22934477,
   45,     0.00830000,     0.00747000,     0.00083000,     0.23167906,     0.00000000,     0.23167906,
   46,     0.00830000,     0.00747000,     0.00083000,     0.23362410,     0.00000000,     0.23362410,
   47,     0.00830000,     0.00747000,     0.00083000,     0.23521253,     0.00000000,     0.23521253,
   48,     0.00500000,     0.00450000,     0.00050000,     0.23616525,     0.00000000,     0.23616525,
   49,     0.00500000,     0.00450000,     0.00050000,     0.23612682,     0.00000000,     0.23612682,
   50,     0.00500000,     0.00450000,     0.00050000,     0.23486661,     0.00000000,     0.23486661,
   51,     0.00500000,     0.00450000,     0.00050000,     0.23202041,     0.00000000,     0.23202041,
   52,     0.00500000,     0.00450000,     0.00050000,     0.22721762,     0.00000000,     0.22721762,
   53,     0.00500000,     0.00450000,     0.00050000,     0.22071180,     0.00000000,     0.22071180,
   54,     0.00500000,     0.00450000,     0.00050000,     0.21311708,     0.00000000,     0.21311708,
   55,     0.00500000,     0.00450000,     0.00050000,     0.20502267,     0.00000000,     0.20502267,
   56,     0.00500000,     0.00450000,     0.00050000,     0.19687050,     0.00000000,     0.19687050,
   57,     0.00500000,     0.00450000,     0.00050000,     0.18909246,     0.00000000,     0.18909246,
   58,     0.00500000,     0.00450000,     0.00050000,     0.18196325,     0.00000000,     0.18196325,
   59,     0.00500000,     0.00450000,     0.00050000,     0.17561767,     0.00000000,     0.17561767,
   60,     0.00500000,     0.00450000,     0.00050000,     0.17029037,     0.00000000,     0.17029037,
   61,     0.00500000,     0.00450000,     0.00050000,     0.16605123,     0.00000000,     0.16605123,
   62,     0.00500000,     0.00450000,     0.00050000,     0.16261947,     0.00000000,     0.16261947,
   63,     0.00500000,     0.00450000,     0.00050000,     0.15979163,     0.00000000,     0.15979163,
   64,     0.00500000,     0.00450000,     0.00050000,     0.15745290,     0.00000000,     0.15745290,
   65,     0.00500000,     0.00450000,     0.00050000,     0.15545351,     0.00000000,     0.15545351,
   66,     0.00500000,     0.00450000,     0.00050000,     0.15378654,     0.00000000,     0.15378654,
   67,     0.00500000,     0.00450000,     0.00050000,     0.15241911,     0.00000000,     0.15241911,
   68,     0.00500000,     0.00450000,     0.00050000,     0.15129132,     0.00000000,     0.15129132,
   69,     0.00500000,     0.00450000,     0.00050000,     0.15036323,     0.00000000,     0.15036323,
   70,     0.00500000,     0.00450000,     0.00050000,     0.14958990,     0.00000000,     0.14958990,
   71,     0.00500000,     0.00450000,     0.00050000,     0.14895836,     0.00000000,     0.14895836,
   72,     0.00250000,     0.00225000,     0.00025000,     0.14816433,     0.00000000,     0.14816433,
   73,     0.00250000,     0.00225000,     0.00025000,     0.14688778,     0.00000000,     0.14688778,
   74,     0.00250000,     0.00225000,     0.00025000,     0.14490322,     0.00000000,     0.14490322,
   75,     0.00250000,     0.00225000,     0.00025000,     0.14188830,     0.00000000,     0.14188830,
   76,     0.00250000,     0.00225000,     0.00025000,     0.13754632,     0.00000000,     0.13754632,
   77,     0.00250000,     0.00225000,     0.00025000,     0.13203022,     0.00000000,     0.13203022,
   78,     0.00250000,     0.00225000,     0.00025000,     0.12579362,     0.00000000,     0.12579362,
   79,     0.00250000,     0.00225000,     0.00025000,     0.11926551,     0.00000000,     0.11926551,
   80,     0.00250000,     0.00225000,     0.00025000,     0.11276035,     0.00000000,     0.11276035,
   81,     0.00250000,     0.00225000,     0.00025000,     0.10659665,     0.00000000,     0.10659665,
   82,     0.00250000,     0.00225000,     0.00025000,     0.10095930,     0.00000000,     0.10095930,
   83,     0.00250000,     0.00225000,     0.00025000,     0.09595042,     0.00000000,     0.09595042,
   84,     0.00250000,     0.00225000,     0.00025000,     0.09174778,     0.00000000,     0.09174778,
   85,     0.00250000,     0.00225000,     0.00025000,     0.08840432,     0.00000000,     0.08840432,
   86,     0.00250000,     0.00225000,     0.00025000,     0.08570296,     0.00000000,     0.08570296,
   87,     0.00250000,     0.00225000,     0.00025000,     0.08348813,     0.00000000,     0.08348813,
   88,     0.00250000,     0.00225000,     0.00025000,     0.08167286,     0.00000000,     0.08167286,
   89,     0.00250000,     0.00225000,     0.00025000,     0.08014366,     0.00000000,     0.08014366,
   90,     0.00250000,     0.00225000,     0.00025000,     0.07888080,     0.00000000,     0.07888080,
   91,     0.00250000,     0.00225000,     0.00025000,     0.07784487,     0.00000000,     0.07784487,
   92,     0.00250000,     0.00225000,     0.00025000,     0.07699048,     0.00000000,     0.07699048,
   93,     0.00250000,     0.00225000,     0.00025000,     0.07628738,     0.00000000,     0.07628738,
   94,     0.00250000,     0.00225000,     0.00025000,     0.07570153,     0.00000000,     0.07570153,
   95,     0.00250000,     0.00225000,     0.00025000,     0.07522309,     0.00000000,     0.07522309,
   96,     0.00000000,     0.00000000,     0.00000000,     0.07455554,     0.00000000,     0.07455554,
   97,     0.00000000,     0.00000000,     0.00000000,     0.07338307,     0.00000000,     0.07338307,
   98,     0.00000000,     0.00000000,     0.00000000,     0.07148444,     0.00000000,     0.07148444,
   99,     0.00000000,     0.00000000,     0.00000000,     0.06854117,     0.00000000,     0.06854117,
  100,     0.00000000,     0.00000000,     0.00000000,     0.06425789,     0.00000000,     0.06425789,
  101,     0.00000000,     0.00000000,     0.00000000,     0.05879080,     0.00000000,     0.05879080,
  102,     0.00000000,     0.00000000,     0.00000000,     0.05259451,     0.00000000,     0.05259451,
  103,     0.00000000,     0.00000000,     0.00000000,     0.04609943,     0.00000000,     0.04609943,
  104,     0.00000000,     0.00000000,     0.00000000,     0.03962175,     0.00000000,     0.03962175,
  105,     0.00000000,     0.00000000,     0.00000000,     0.03348069,     0.00000000,     0.03348069,
  106,     0.00000000,     0.00000000,     0.00000000,     0.02786306,     0.00000000,     0.02786306,
  107,     0.00000000,     0.00000000,     0.00000000,     0.02287101,     0.00000000,     0.02287101,
  108,     0.00000000,     0.00000000,     0.00000000,     0.01868229,     0.00000000,     0.01868229,
  109,     0.00000000,     0.00000000,     0.00000000,     0.01534984,     0.00000000,     0.01534984,
  110,     0.00000000,     0.00000000,     0.00000000,     0.01265695,     0.00000000,     0.01265695,
  111,     0.00000000,     0.00000000,     0.00000000,     0.01044818,     0.00000000,     0.01044818,
  112,     0.00000000,     0.00000000,     0.00000000,     0.00863653,     0.00000000,     0.00863653,
  113,     0.00000000,     0.00000000,     0.00000000,     0.00710854,     0.00000000,     0.00710854,
  114,     0.00000000,     0.00000000,     0.00000000,     0.00584568,     0.00000000,     0.00584568,
  115,     0.00000000,     0.00000000,     0.00000000,     0.00480975,     0.00000000,     0.00480975,
  116,     0.00000000,     0.00000000,     0.00000000,     0.00395537,     0.00000000,     0.00395537,
  117,     0.00000000,     0.00000000,     0.00000000,     0.00325227,     0.00000000,     0.00325227,
  118,     0.00000000,     0.00000000,     0.00000000,     0.00266641,     0.00000000,     0.00266641,
  119,     0.00000000,     0.00000000,     0.00000000,     0.00218797,     0.00000000,     0.00218797,
  120,     0.00000000,     0.00000000,     0.00000000,     0.00179274,     0.00000000,     0.00179274,
  121,     0.00000000,     0.00000000,     0.00000000,     0.00146747,     0.00000000,     0.00146747,
  122,     0.00000000,     0.00000000,     0.00000000,     0.00119894,     0.00000000,     0.00119894,
  123,     0.00000000,     0.00000000,     0.00000000,     0.00097504,     0.00000000,     0.00097504,
  124,     0.00000000,     0.00000000,     0.00000000,     0.00079160,     0.00000000,     0.00079160,
  125,     0.00000000,     0.00000000,     0.00000000,     0.00063843,     0.00000000,     0.00063843,
  126,     0.00000000,     0.00000000,     0.00000000,     0.00051248,     0.00000000,     0.00051248,
  127,     0.00000000,     0.00000000,     0.00000000,     0.00040923,     0.00000000,     0.00040923,
  128,     0.00000000,     0.00000000,     0.00000000,     0.00032337,     0.00000000,     0.00032337,
  129,     0.00000000,     0.00000000,     0.00000000,     0.00025265,     0.00000000,     0.00025265,
  130,     0.00000000,     0.00000000,     0.00000000,     0.00019100,     0.00000000,     0.00019100,
  131,     0.00000000,     0.00000000,     0.00000000,     0.00013843,     0.00000000,     0.00013843,
  132,     0.00000000,     0.00000000,     0.00000000,     0.00009493,     0.00000000,     0.00009493,
  133,     0.00000000,     0.00000000,     0.00000000,     0.00006051,     0.00000000,     0.00006051,
  134,     0.00000000,     0.00000000,     0.00000000,     0.00003404,     0.00000000,     0.00003404,
  135,     0.00000000,     0.00000000,     0.00000000,     0.00001513,     0.00000000,     0.00001513,
  136,     0.00000000,     0.00000000,     0.00000000,     0.00000378,     0.00000000,     0.00000378,
  137,     0.00000000,     0.00000000,     0.00000000,     0.00000000,     0.00000000,     0.00000000,
  138,     0.00000000,     0.00000000,     0.00000000,     0.00000000,     0.00000000,     0.00000000,
  139,     0.00000000,     0.00000000,     0.00000000,     0.00000000,     0.00000000,     0.00000000,
  140,     0.00000000,     0.00000000,     0.00000000,     0.00000000,     0.00000000,     0.00000000,
  141,     0.00000000,     0.00000000,     0.00000000,     0.00000000,     0.00000000,     0.00000000,
  142,     0.00000000,     0.00000000,     0.00000000,     0.00000000,     0.00000000,     0.00000000,
  143,     0.00000000,     0.00000000,     0.00000000,     0.00000000,     0.00000000,     0.00000000,
  144,     0.00000000,     0.00000000,     0.00000000,     0.00000000,     0.00000000,     0.00000000,
  145,     0.00000000,     0.00000000,     0.00000000,     0.00000000,     0.00000000,     0.00000000,
  146,     0.00000000,     0.00000000,     0.00000000,     0.00000000,     0.00000000,     0.00000000,
  147,     0.00000000,     0.00000000,     0.00000000,     0.00000000,     0.00000000,     0.00000000,
  148,     0.00000000,     0.00000000,     0.00000000,     0.00000000,     0.00000000,     0.00000000,
  149,     0.00000000,     0.00000000,     0.00000000,     0.00000000,     0.00000000,     0.00000000,
  150,     0.00000000,     0.00000000,     0.00000000,     0.00000000,     0.00000000,     0.00000000,
  151,     0.00000000,     0.00000000,     0.00000000,     0.00000000,     0.00000000,     0.00000000,
  152,     0.00000000,     0.00000000,     0.00000000,     0.00000000,     0.00000000,     0.00000000,
  153,     0.00000000,     0.00000000,     0.00000000,     0.00000000,     0.00000000,     0.00000000,
  154,     0.00000000,     0.00000000,     0.00000000,     0.00000000,     0.00000000,     0.00000000,
  155,     0.00000000,     0.00000000,     0.00000000,     0.00000000,     0.00000000,     0.00000000,
  156,     0.00000000,     0.00000000,     0.00000000,     0.00000000,     0.00000000,     0.00000000,
  157,     0.00000000,     0.00000000,     0.00000000,     0.00000000,     0.00000000,     0.00000000,
  158,     0.00000000,     0.00000000,     0.00000000,     0.00000000,     0.00000000,     0.00000000,
  159,     0.00000000,     0.00000000,     0.00000000,     0.00000000,     0.00000000,     0.00000000,
  160,     0.00000000,     0.00000000,     0.00000000,     0.00000000,     0.00000000,     0.00000000,
  161,     0.00000000,     0.00000000,     0.00000000,     0.00000000,     0.00000000,     0.00000000,
  162,     0.00000000,     0.00000000,     0.00000000,     0.00000000,     0.00000000,     0.00000000,
  163,     0.00000000,     0.00000000,     0.00000000,     0.00000000,     0.00000000,     0.00000000,
  164,     0.00000000,     0.00000000,     0.00000000,     0.00000000,     0.00000000,     0.00000000,
  165,     0.00000000,     0.00000000,     0.00000000,     0.00000000,     0.00000000,     0.00000000,
  166,     0.00000000,     0.00000000,     0.00000000,     0.00000000,     0.00000000,     0.00000000,
  167,     0.00000000,     0.00000000,     0.00000000,     0.00000000,     0.00000000,     0.00000000,
  168,     0.00000000,     0.00000000,     0.00000000,     0.00000000,     0.00000000,     0.00000000,
  169,     0.00000000,     0.00000000,     0.00000000,     0.00000000,     0.00000000,     0.00000000,
  170,     0.00000000,     0.00000000,     0.00000000,     0.00000000,     0.00000000,     0.00000000,
  171,     0.00000000,     0.00000000,     0.00000000,     0.00000000,     0.00000000,     0.00000000,
  172,     0.00000000,     0.00000000,     0.00000000,     0.00000000,     0.00000000,     0.00000000,
  173,     0.00000000,     0.00000000,     0.00000000,     0.00000000,     0.00000000,     0.00000000,
  174,     0.00000000,     0.00000000,     0.00000000,     0.00000000,     0.00000000,     0.00000000,
  175,     0.00000000,     0.00000000,     0.00000000,     0.00000000,     0.00000000,     0.00000000,
  176,     0.00000000,     0.00000000,     0.00000000,     0.00000000,     0.00000000,     0.00000000,
  177,     0.00000000,     0.00000000,     0.00000000,     0.00000000,     0.00000000,     0.00000000,
  178,     0.00000000,     0.00000000,     0.00000000,     0.00000000,     0.00000000,     0.00000000,
  179,     0.00000000,     0.00000000,     0.00000000,     0.00000000,     0.00000000,     0.00000000,
  180,     0.00000000,     0.00000000,     0.00000000,     0.00000000,     0.00000000,     0.00000000,
  181,     0.00000000,     0.00000000,     0.00000000,     0.00000000,     0.00000000,     0.00000000,
  182,     0.00000000,     0.00000000,     0.00000000,     0.00000000,     0.00000000,     0.00000000,
  183,     0.00000000,     0.00000000,     0.00000000,     0.00000000,     0.00000000,     0.00000000,
  184,     0.00000000,     0.00000000,     0.00000000,     0.00000000,     0.00000000,     0.00000000,
  185,     0.00000000,     0.00000000,     0.00000000,     0.00000000,     0.00000000,     0.00000000,
  186,     0.00000000,     0.00000000,     0.00000000,     0.00000000,     0.00000000,     0.00000000,
  187,     0.00000000,     0.00000000,     0.00000000,     0.00000000,     0.00000000,     0.00000000,
  188,     0.00000000,     0.00000000,     0.00000000,     0.00000000,     0.00000000,     0.00000000,
  189,     0.00000000,     0.00000000,     0.00000000,     0.00000000,     0.00000000,     0.00000000,
  190,     0.00000000,     0.00000000,     0.00000000,     0.00000000,     0.00000000,     0.00000000,
  191,     0.00000000,     0.00000000,     0.00000000,     0.00000000,     0.00000000,     0.00000000,
  192,     0.00000000,     0.00000000,     0.00000000,     0.00000000,     0.00000000,     0.00000000,
  193,     0.00000000,     0.00000000,     0.00000000,     0.00000000,     0.00000000,     0.00000000,
  194,     0.00000000,     0.00000000,     0.00000000,     0.00000000,     0.00000000,     0.00000000,
  195,     0.00000000,     0.00000000,     0.00000000,     0.00000000,     0.00000000,     0.00000000,
  196,     0.00000000,     0.00000000,     0.00000000,     0.00000000,     0.00000000,     0.00000000,
  197,     0.00000000,     0.00000000,     0.00000000,     0.00000000,     0.00000000,     0.00000000,
  198,     0.00000000,     0.00000000,     0.00000000,     0.00000000,     0.00000000,     0.00000000,
  199,     0.00000000,     0.00000000,     0.00000000,     0.00000000,     0.00000000,     0.00000000,
  200,     0.00000000,     0.00000000,     0.00000000,     0.00000000,     0.00000000,     0.00000000,
  201,     0.00000000,     0.00000000,     0.00000000,     0.00000000,     0.00000000,     0.00000000,
  202,     0.00000000,     0.00000000,     0.00000000,     0.00000000,     0.00000000,     0.00000000,
  203,     0.00000000,     0.00000000,     0.00000000,     0.00000000,     0.00000000,     0.00000000,
  204,     0.00000000,     0.00000000,     0.00000000,     0.00000000,     0.00000000,     0.00000000,
  205,     0.00000000,     0.00000000,     0.00000000,     0.00000000,     0.00000000,     0.00000000,
  206,     0.00000000,     0.00000000,     0.00000000,     0.00000000,     0.00000000,     0.00000000,
  207,     0.00000000,     0.00000000,     0.00000000,     0.00000000,     0.00000000,     0.00000000,
  208,     0.00000000,     0.00000000,     0.00000000,     0.00000000,     0.00000000,     0.00000000,
  209,     0.00000000,     0.00000000,     0.00000000,     0.00000000,     0.00000000,     0.00000000,
  210,     0.00000000,     0.00000000,     0.00000000,     0.00000000,     0.00000000,     0.00000000,
  211,     0.00000000,     0.00000000,     0.00000000,     0.00000000,     0.00000000,     0.00000000,
  212,     0.00000000,     0.00000000,     0.00000000,     0.00000000,     0.00000000,     0.00000000,
  213,     0.00000000,     0.00000000,     0.00000000,     0.00000000,     0.00000000,     0.00000000,
  214,     0.00000000,     0.00000000,     0.00000000,     0.00000000,     0.00000000,     0.00000000,
  215,     0.00000000,     0.00000000,     0.00000000,     0.00000000,     0.00000000,     0.00000000,
  216,     0.00000000,     0.00000000,     0.00000000,     0.00000000,     0.00000000,     0.00000000,
  217,     0.00000000,     0.00000000,     0.00000000,     0.00000000,     0.00000000,     0.00000000,
  218,     0.00000000,     0.00000000,     0.00000000,     0.00000000,     0.00000000,     0.00000000,
  219,     0.00000000,     0.00000000,     0.00000000,     0.00000000,     0.00000000,     0.00000000,
  220,     0.00000000,     0.00000000,     0.00000000,     0.00000000,     0.00000000,     0.00000000,
  221,     0.00000000,     0.00000000,     0.00000000,     0.00000000,     0.00000000,     0.00000000,
  222,     0.00000000,     0.00000000,     0.00000000,     0.00000000,     0.00000000,     0.00000000,
  223,     0.00000000,     0.00000000,     0.00000000,     0.00000000,     0.00000000,     0.00000000,
  224,     0.00000000,     0.00000000,     0.00000000,     0.00000000,     0.00000000,     0.00000000,
  225,     0.00000000,     0.00000000,     0.00000000,     0.00000000,     0.00000000,     0.00000000,
  226,     0.00000000,     0.00000000,     0.00000000,     0.00000000,     0.00000000,     0.00000000,
  227,     0.00000000,     0.00000000,     0.00000000,     0.00000000,     0.00000000,     0.00000000,
  228,     0.00000000,     0.00000000,     0.00000000,     0.00000000,     0.00000000,     0.00000000,
  229,     0.00000000,     0.00000000,     0.00000000,     0.00000000,     0.00000000,     0.00000000,
  230,     0.00000000,     0.00000000,     0.00000000,     0.00000000,     0.00000000,     0.00000000,
  231,     0.00000000,     0.00000000,     0.00000000,     0.00000000,     0.00000000,     0.00000000,
  232,     0.00000000,     0.00000000,     0.00000000,     0.00000000,     0.00000000,     0.00000000,
  233,     0.00000000,     0.00000000,     0.00000000,     0.00000000,     0.00000000,     0.00000000,
  234,     0.00000000,     0.00000000,     0.00000000,     0.00000000,     0.00000000,     0.00000000,
  235,     0.00000000,     0.00000000,     0.00000000,     0.00000000,     0.00000000,     0.00000000,
  236,     0.00000000,     0.00000000,     0.00000000,     0.00000000,     0.00000000,     0.00000000,
  237,     0.00000000,     0.00000000,     0.00000000,     0.00000000,     0.00000000,     0.00000000,
  238,     0.00000000,     0.00000000,     0.00000000,     0.00000000,     0.00000000,     0.00000000,
  239,     0.00000000,     0.00000000,     0.00000000,     0.00000000,     0.00000000,     0.00000000,
  240,     0.00000000,     0.00000000,     0.00000000,     0.00000000,     0.00000000,     0.00000000,
  241,     0.00000000,     0.00000000,     0.00000000,     0.00000000,     0.00000000,     0.00000000,
  242,     0.00000000,     0.00000000,     0.00000000,     0.00000000,     0.00000000,     0.00000000,
  243,     0.00000000,     0.00000000,     0.00000000,     0.00000000,     0.00000000,     0.00000000,
  244,     0.00000000,     0.00000000,     0.00000000,     0.00000000,     0.00000000,     0.00000000,
  245,     0.00000000,     0.00000000,     0.00000000,     0.00000000,     0.00000000,     0.00000000,
  246,     0.00000000,     0.00000000,     0.00000000,     0.00000000,     0.00000000,     0.00000000,
  247,     0.00000000,     0.00000000,     0.00000000,     0.00000000,     0.00000000,     0.00000000,
  248,     0.00000000,     0.00000000,     0.00000000,     0.00000000,     0.00000000,     0.00000000,
  249,     0.00000000,     0.00000000,     0.00000000,     0.00000000,     0.00000000,     0.00000000,
  250,     0.00000000,     0.00000000,     0.00000000,     0.00000000,     0.00000000,     0.00000000,
  251,     0.00000000,     0.00000000,     0.00000000,     0.00000000,     0.00000000,     0.00000000,
  252,     0.00000000,     0.00000000,     0.00000000,     0.00000000,     0.00000000,     0.00000000,
  253,     0.00000000,     0.00000000,     0.00000000,     0.00000000,     0.00000000,     0.00000000,
  254,     0.00000000,     0.00000000,     0.00000000,     0.00000000,     0.00000000,     0.00000000,
  255,     0.00000000,     0.00000000,     0.00000000,     0.00000000,     0.00000000,     0.00000000,
  256,     0.00000000,     0.00000000,     0.00000000,     0.00000000,     0.00000000,     0.00000000,
  257,     0.00000000,     0.00000000,     0.00000000,     0.00000000,     0.00000000,     0.00000000,
  258,     0.00000000,     0.00000000,     0.00000000,     0.00000000,     0.00000000,     0.00000000,
  259,     0.00000000,     0.00000000,     0.00000000,     0.00000000,     0.00000000,     0.00000000,
  260,     0.00000000,     0.00000000,     0.00000000,     0.00000000,     0.00000000,     0.00000000,
  261,     0.00000000,     0.00000000,     0.00000000,     0.00000000,     0.00000000,     0.00000000,
  262,     0.00000000,     0.00000000,     0.00000000,     0.00000000,     0.00000000,     0.00000000,
  263,     0.00000000,     0.00000000,     0.00000000,     0.00000000,     0.00000000,     0.00000000,
  264,     0.00000000,     0.00000000,     0.00000000,     0.00000000,     0.00000000,     0.00000000,
  265,     0.00000000,     0.00000000,     0.00000000,     0.00000000,     0.00000000,     0.00000000,
  266,     0.00000000,     0.00000000,     0.00000000,     0.00000000,     0.00000000,     0.00000000,
  267,     0.00000000,     0.00000000,     0.00000000,     0.00000000,     0.00000000,     0.00000000,
  268,     0.00000000,     0.00000000,     0.00000000,     0.00000000,     0.00000000,     0.00000000,
  269,     0.00000000,     0.00000000,     0.00000000,     0.00000000,     0.00000000,     0.00000000,
  270,     0.00000000,     0.00000000,     0.00000000,     0.00000000,     0.00000000,     0.00000000,
  271,     0.00000000,     0.00000000,     0.00000000,     0.00000000,     0.00000000,     0.00000000,
  272,     0.00000000,     0.00000000,     0.00000000,     0.00000000,     0.00000000,     0.00000000,
  273,     0.00000000,     0.00000000,     0.00000000,     0.00000000,     0.00000000,     0.00000000,
  274,     0.00000000,     0.00000000,     0.00000000,     0.00000000,     0.00000000,     0.00000000,
  275,     0.00000000,     0.00000000,     0.00000000,     0.00000000,     0.00000000,     0.00000000,
  276,     0.00000000,     0.00000000,     0.00000000,     0.00000000,     0.00000000,     0.00000000,
  277,     0.00000000,     0.00000000,     0.00000000,     0.00000000,     0.00000000,     0.00000000,
  278,     0.00000000,     0.00000000,     0.00000000,     0.00000000,     0.00000000,     0.00000000,
  279,     0.00000000,     0.00000000,     0.00000000,     0.00000000,     0.00000000,     0.00000000,
  280,     0.00000000,     0.00000000,     0.00000000,     0.00000000,     0.00000000,     0.00000000,
  281,     0.00000000,     0.00000000,     0.00000000,     0.00000000,     0.00000000,     0.00000000,
  282,     0.00000000,     0.00000000,     0.00000000,     0.00000000,     0.00000000,     0.00000000,
  283,     0.00000000,     0.00000000,     0.00000000,     0.00000000,     0.00000000,     0.00000000,
  284,     0.00000000,     0.00000000,     0.00000000,     0.00000000,     0.00000000,     0.00000000,
  285,     0.00000000,     0.00000000,     0.00000000,     0.00000000,     0.00000000,     0.00000000,
  286,     0.00000000,     0.00000000,     0.00000000,     0.00000000,     0.00000000,     0.00000000,
  287,     0.00000000,     0.00000000,     0.00000000,     0.00000000,     0.00000000,     0.00000000,
  288,     0.00000000,     0.00000000,     0.00000000,     0.00000000,     0.00000000,     0.00000000,
  289,     0.00000000,     0.00000000,     0.00000000,     0.00000000,     0.00000000,     0.00000000,
  290,     0.00000000,     0.00000000,     0.00000000,     0.00000000,     0.00000000,     0.00000000,
  291,     0.00000000,     0.00000000,     0.00000000,     0.00000000,     0.00000000,     0.00000000,
  292,     0.00000000,     0.00000000,     0.00000000,     0.00000000,     0.00000000,     0.00000000,
  293,     0.00000000,     0.00000000,     0.00000000,     0.00000000,     0.00000000,     0.00000000,
  294,     0.00000000,     0.00000000,     0.00000000,     0.00000000,     0.00000000,     0.00000000,
  295,     0.00000000,     0.00000000,     0.00000000,     0.00000000,     0.00000000,     0.00000000,
  296,     0.00000000,     0.00000000,     0.00000000,     0.00000000,     0.00000000,     0.00000000,
  297,     0.00000000,     0.00000000,     0.00000000,     0.00000000,     0.00000000,     0.00000000,
  298,     0.00000000,     0.00000000,     0.00000000,     0.00000000,     0.00000000,     0.00000000,
  299,     0.00000000,     0.00000000,     0.00000000,     0.00000000,     0.00000000,     0.00000000,
  300,     0.00000000,     0.00000000,     0.00000000,     0.00000000,     0.00000000,     0.00000000,
  301,     0.00000000,     0.00000000,     0.00000000,     0.00000000,     0.00000000,     0.00000000,
  302,     0.00000000,     0.00000000,     0.00000000,     0.00000000,     0.00000000,     0.00000000,
  303,     0.00000000,     0.00000000,     0.00000000,     0.00000000,     0.00000000,     0.00000000,
  304,     0.00000000,     0.00000000,     0.00000000,     0.00000000,     0.00000000,     0.00000000,
  305,     0.00000000,     0.00000000,     0.00000000,     0.00000000,     0.00000000,     0.00000000,
  306,     0.00000000,     0.00000000,     0.00000000,     0.00000000,     0.00000000,     0.00000000,
  307,     0.00000000,     0.00000000,     0.00000000,     0.00000000,     0.00000000,     0.00000000,
  308,     0.00000000,     0.00000000,     0.00000000,     0.00000000,     0.00000000,     0.00000000,
  309,     0.00000000,     0.00000000,     0.00000000,     0.00000000,     0.00000000,     0.00000000,
  310,     0.00000000,     0.00000000,     0.00000000,     0.00000000,     0.00000000,     0.00000000,
  311,     0.00000000,     0.00000000,     0.00000000,     0.00000000,     0.00000000,     0.00000000,
  312,     0.00000000,     0.00000000,     0.00000000,     0.00000000,     0.00000000,     0.00000000,
  313,     0.00000000,     0.00000000,     0.00000000,     0.00000000,     0.00000000,     0.00000000,
  314,     0.00000000,     0.00000000,     0.00000000,     0.00000000,     0.00000000,     0.00000000,
  315,     0.00000000,     0.00000000,     0.00000000,     0.00000000,     0.00000000,     0.00000000,
  316,     0.00000000,     0.00000000,     0.00000000,     0.00000000,     0.00000000,     0.00000000,
  317,     0.00000000,     0.00000000,     0.00000000,     0.00000000,     0.00000000,     0.00000000,
  318,     0.00000000,     0.00000000,     0.00000000,     0.00000000,     0.00000000,     0.00000000,
  319,     0.00000000,     0.00000000,     0.00000000,     0.00000000,     0.00000000,     0.00000000,
  320,     0.00000000,     0.00000000,     0.00000000,     0.00000000,     0.00000000,     0.00000000,
  321,     0.00000000,     0.00000000,     0.00000000,     0.00000000,     0.00000000,     0.00000000,
  322,     0.00000000,     0.00000000,     0.00000000,     0.00000000,     0.00000000,     0.00000000,
  323,     0.00000000,     0.00000000,     0.00000000,     0.00000000,     0.00000000,     0.00000000,
  324,     0.00000000,     0.00000000,     0.00000000,     0.00000000,     0.00000000,     0.00000000,
  325,     0.00000000,     0.00000000,     0.00000000,     0.00000000,     0.00000000,     0.00000000,
  326,     0.00000000,     0.00000000,     0.00000000,     0.00000000,     0.00000000,     0.00000000,
  327,     0.00000000,     0.00000000,     0.00000000,     0.00000000,     0.00000000,     0.00000000,
  328,     0.00000000,     0.00000000,     0.00000000,     0.00000000,     0.00000000,     0.00000000,
  329,     0.00000000,     0.00000000,     0.00000000,     0.00000000,     0.00000000,     0.00000000,
  330,     0.00000000,     0.00000000,     0.00000000,     0.00000000,     0.00000000,     0.00000000,
  331,     0.00000000,     0.00000000,     0.00000000,     0.00000000,     0.00000000,     0.00000000,
  332,     0.00000000,     0.00000000,     0.00000000,     0.00000000,     0.00000000,     0.00000000,
  333,     0.00000000,     0.00000000,     0.00000000,     0.00000000,     0.00000000,     0.00000000,
  334,     0.00000000,     0.00000000,     0.00000000,     0.00000000,     0.00000000,     0.00000000,
  335,     0.00000000,     0.00000000,     0.00000000,     0.00000000,     0.00000000,     0.00000000,
  336,     0.00170000,     0.00153000,     0.00017000,     0.00018517,     0.00000000,     0.00018517,
  337,     0.00170000,     0.00153000,     0.00017000,     0.00076127,     0.00000000,     0.00076127,
  338,     0.00170000,     0.00153000,     0.00017000,     0.00186974,     0.00000000,     0.00186974,
  339,     0.00170000,     0.00153000,     0.00017000,     0.00371891,     0.00000000,     0.00371891,
  340,     0.00170000,     0.00153000,     0.00017000,     0.00650680,     0.00000000,     0.00650680,
  341,     0.00170000,     0.00153000,     0.00017000,     0.01012026,     0.00000000,     0.01012026,
  342,     0.00170000,     0.00153000,     0.00017000,     0.01424810,     0.00000000,     0.01424810,
  343,     0.00170000,     0.00153000,     0.00017000,     0.01859454,     0.00000000,     0.01859454,
  344,     0.00170000,     0.00153000,     0.00017000,     0.02294098,     0.00000000,     0.02294098,
  345,     0.00170000,     0.00153000,     0.00017000,     0.02706881,     0.00000000,     0.02706881,
  346,     0.00170000,     0.00153000,     0.00017000,     0.03084687,     0.00000000,     0.03084687,
  347,     0.00170000,     0.00153000,     0.00017000,     0.03420572,     0.00000000,     0.03420572,
  348,     0.00170000,     0.00153000,     0.00017000,     0.03702448,     0.00000000,     0.03702448,
  349,     0.00170000,     0.00153000,     0.00017000,     0.03926714,     0.00000000,     0.03926714,
  350,     0.00170000,     0.00153000,     0.00017000,     0.04108030,     0.00000000,     0.04108030,
  351,     0.00170000,     0.00153000,     0.00017000,     0.04256941,     0.00000000,     0.04256941,
  352,     0.00170000,     0.00153000,     0.00017000,     0.04379361,     0.00000000,     0.04379361,
  353,     0.00170000,     0.00153000,     0.00017000,     0.04483007,     0.00000000,     0.04483007,
  354,     0.00170000,     0.00153000,     0.00017000,     0.04568881,     0.00000000,     0.04568881,
  355,     0.00170000,     0.00153000,     0.00017000,     0.04639325,     0.00000000,     0.04639325,
  356,     0.00170000,     0.00153000,     0.00017000,     0.04697423,     0.00000000,     0.04697423,
  357,     0.00170000,     0.00153000,     0.00017000,     0.04745234,     0.00000000,     0.04745234,
  358,     0.00170000,     0.00153000,     0.00017000,     0.04785072,     0.00000000,     0.04785072,
  359,     0.00170000,     0.00153000,     0.00017000,     0.04817606,     0.00000000,     0.04817606,
  360,     0.00000000,     0.00000000,     0.00000000,     0.04825964,     0.00000000,     0.04825964,
  361,     0.00000000,     0.00000000,     0.00000000,     0.04790473,     0.00000000,     0.04790473,
  362,     0.00000000,     0.00000000,     0.00000000,     0.04697886,     0.00000000,     0.04697886,
  363,     0.00000000,     0.00000000,     0.00000000,     0.04528195,     0.00000000,     0.04528195,
  364,     0.00000000,     0.00000000,     0.00000000,     0.04261879,     0.00000000,     0.04261879,
  365,     0.00000000,     0.00000000,     0.00000000,     0.03910949,     0.00000000,     0.03910949,
  366,     0.00000000,     0.00000000,     0.00000000,     0.03506730,     0.00000000,     0.03506730,
  367,     0.00000000,     0.00000000,     0.00000000,     0.03079107,     0.00000000,     0.03079107,
  368,     0.00000000,     0.00000000,     0.00000000,     0.02650301,     0.00000000,     0.02650301,
  369,     0.00000000,     0.00000000,     0.00000000,     0.02242327,     0.00000000,     0.02242327,
  370,     0.00000000,     0.00000000,     0.00000000,     0.01868713,     0.00000000,     0.01868713,
  371,     0.00000000,     0.00000000,     0.00000000,     0.01536403,     0.00000000,     0.01536403,
  372,     0.00000000,     0.00000000,     0.00000000,     0.01257485,     0.00000000,     0.01257485,
  373,     0.00000000,     0.00000000,     0.00000000,     0.01035559,     0.00000000,     0.01035559,
  374,     0.00000000,     0.00000000,     0.00000000,     0.00856043,     0.00000000,     0.00856043,
  375,     0.00000000,     0.00000000,     0.00000000,     0.00708419,     0.00000000,     0.00708419,
  376,     0.00000000,     0.00000000,     0.00000000,     0.00586770,     0.00000000,     0.00586770,
  377,     0.00000000,     0.00000000,     0.00000000,     0.00483381,     0.00000000,     0.00483381,
  378,     0.00000000,     0.00000000,     0.00000000,     0.00397506,     0.00000000,     0.00397506,
  379,     0.00000000,     0.00000000,     0.00000000,     0.00327063,     0.00000000,     0.00327063,
  380,     0.00000000,     0.00000000,     0.00000000,     0.00268965,     0.00000000,     0.00268965,
  381,     0.00000000,     0.00000000,     0.00000000,     0.00221154,     0.00000000,     0.00221154,
  382,     0.00000000,     0.00000000,     0.00000000,     0.00181316,     0.00000000,     0.00181316,
  383,     0.00000000,     0.00000000,     0.00000000,     0.00148782,     0.00000000,     0.00148782,
  384,     0.07670000,     0.06903000,     0.00767000,     0.00957367,     0.00000000,     0.00957367,
  385,     0.07670000,     0.06903000,     0.00767000,     0.03534460,     0.00000000,     0.03534460,
  386,     0.07670000,     0.06903000,     0.00767000,     0.08517361,     0.00000000,     0.08517361,
  387,     0.07670000,     0.06903000,     0.00767000,     0.16845140,     0.00000000,     0.16845140,
  388,     0.07670000,     0.06903000,     0.00767000,     0.29410992,     0.00000000,     0.29410992,
  389,     0.07670000,     0.06903000,     0.00767000,     0.45703665,     0.00000000,     0.45703665,
  390,     0.07670000,     0.06903000,     0.00767000,     0.64318914,     0.00000000,     0.64318914,
  391,     0.07670000,     0.06903000,     0.00767000,     0.83922014,     0.00000000,     0.83922014,
  392,     0.07670000,     0.06903000,     0.00767000,     1.03526296,     0.00000000,     1.03526296,
  393,     0.07670000,     0.06903000,     0.00767000,     1.22145300,     0.00000000,     1.22145300,
  394,     0.07670000,     0.06903000,     0.00767000,     1.39186829,     0.00000000,     1.39186829,
  395,     0.07670000,     0.06903000,     0.00767000,     1.54337584,     0.00000000,     1.54337584,
  396,     0.07670000,     0.06903000,     0.00767000,     1.67052196,     0.00000000,     1.67052196,
  397,     0.07670000,     0.06903000,     0.00767000,     1.77168214,     0.00000000,     1.77168214,
  398,     0.07670000,     0.06903000,     0.00767000,     1.85346967,     0.00000000,     1.85346967,
  399,     0.07670000,     0.06903000,     0.00767000,     1.92064178,     0.00000000,     1.92064178,
  400,     0.07670000,     0.06903000,     0.00767000,     1.97586730,     0.00000000,     1.97586730,
  401,     0.07670000,     0.06903000,     0.00767000,     2.02262733,     0.00000000,     2.02262733,
  402,     0.07670000,     0.06903000,     0.00767000,     2.06137182,     0.00000000,     2.06137182,
  403,     0.07670000,     0.06903000,     0.00767000,     2.09315414,     0.00000000,     2.09315414,
  404,     0.07670000,     0.06903000,     0.00767000,     2.11936672,     0.00000000,     2.11936672,
  405,     0.07670000,     0.06903000,     0.00767000,     2.14093786,     0.00000000,     2.14093786,
  406,     0.07670000,     0.06903000,     0.00767000,     2.15891187,     0.00000000,     2.15891187,
  407,     0.07670000,     0.06903000,     0.00767000,     2.17359045,     0.00000000,     2.17359045,
  408,     0.16540000,     0.14886000,     0.01654000,     2.19537795,     0.00000000,     2.19537795,
  409,     0.16540000,     0.14886000,     0.01654000,     2.23541574,     0.00000000,     2.23541574,
  410,     0.16540000,     0.14886000,     0.01654000,     2.30149042,     0.00000000,     2.30149042,
  411,     0.16540000,     0.14886000,     0.01654000,     2.40484275,     0.00000000,     2.40484275,
  412,     0.16540000,     0.14886000,     0.01654000,     2.55593303,     0.00000000,     2.55593303,
  413,     0.16540000,     0.14886000,     0.01654000,     2.74917017,     0.00000000,     2.74917017,
  414,     0.16540000,     0.14886000,     0.01654000,     2.96840995,     0.00000000,     2.96840995,
  415,     0.16540000,     0.14886000,     0.01654000,     3.19835971,     0.00000000,     3.19835971,
  416,     0.16540000,     0.14886000,     0.01654000,     3.42777571,     0.00000000,     3.42777571,
  417,     0.16540000,     0.14886000,     0.01654000,     3.64532137,     0.00000000,     3.64532137,
  418,     0.16540000,     0.14886000,     0.01654000,     3.84433862,     0.00000000,     3.84433862,
  419,     0.16540000,     0.14886000,     0.01654000,     4.02120434,     0.00000000,     4.02120434,
  420,     0.16540000,     0.14886000,     0.01654000,     4.16961156,     0.00000000,     4.16961156,
  421,     0.16540000,     0.14886000,     0.01654000,     4.28768162,     0.00000000,     4.28768162,
  422,     0.16540000,     0.14886000,     0.01654000,     4.38309819,     0.00000000,     4.38309819,
  423,     0.16540000,     0.14886000,     0.01654000,     4.46137468,     0.00000000,     4.46137468,
  424,     0.16540000,     0.14886000,     0.01654000,     4.52559748,     0.00000000,     4.52559748,
  425,     0.16540000,     0.14886000,     0.01654000,     4.57979229,     0.00000000,     4.57979229,
  426,     0.16540000,     0.14886000,     0.01654000,     4.62459850,     0.00000000,     4.62459850,
  427,     0.16540000,     0.14886000,     0.01654000,     4.66135329,     0.00000000,     4.66135329,
  428,     0.16540000,     0.14886000,     0.01654000,     4.69166692,     0.00000000,     4.69166692,
  429,     0.16540000,     0.14886000,     0.01654000,     4.71661294,     0.00000000,     4.71661294,
  430,     0.16540000,     0.14886000,     0.01654000,     4.73739905,     0.00000000,     4.73739905,
  431,     0.16540000,     0.14886000,     0.01654000,     4.75437415,     0.00000000,     4.75437415,
  432,     0.00120000,     0.00108000,     0.00012000,     4.75051145,     0.00000000,     4.75051145,
  433,     0.00120000,     0.00108000,     0.00012000,     4.70640770,     0.00000000,     4.70640770,
  434,     0.00130000,     0.00117000,     0.00013000,     4.60888085,     0.00000000,     4.60888085,
  435,     0.00120000,     0.00108000,     0.00012000,     4.43824019,     0.00000000,     4.43824019,
  436,     0.00130000,     0.00117000,     0.00013000,     4.17551278,     0.00000000,     4.17551278,
  437,     0.00120000,     0.00108000,     0.00012000,     3.83199618,     0.00000000,     3.83199618,
  438,     0.00130000,     0.00117000,     0.00013000,     3.43786201,     0.00000000,     3.43786201,
  439,     0.00120000,     0.00108000,     0.00012000,     3.02182543,     0.00000000,     3.02182543,
  440,     0.00130000,     0.00117000,     0.00013000,     2.60518414,     0.00000000,     2.60518414,
  441,     0.00130000,     0.00117000,     0.00013000,     2.20913224,     0.00000000,     2.20913224,
  442,     0.00120000,     0.00108000,     0.00012000,     1.84654312,     0.00000000,     1.84654312,
  443,     0.00130000,     0.00117000,     0.00013000,     1.52411755,     0.00000000,     1.52411755,
  444,     0.00120000,     0.00108000,     0.00012000,     1.25353342,     0.00000000,     1.25353342,
  445,     0.00130000,     0.00117000,     0.00013000,     1.03826122,     0.00000000,     1.03826122,
  446,     0.00120000,     0.00108000,     0.00012000,     0.86416363,     0.00000000,     0.86416363,
  447,     0.00120000,     0.00108000,     0.00012000,     0.72106268,     0.00000000,     0.72106268,
  448,     0.00130000,     0.00117000,     0.00013000,     0.60325974,     0.00000000,     0.60325974,
  449,     0.00120000,     0.00108000,     0.00012000,     0.50330218,     0.00000000,     0.50330218,
  450,     0.00120000,     0.00108000,     0.00012000,     0.42034433,     0.00000000,     0.42034433,
  451,     0.00130000,     0.00117000,     0.00013000,     0.35227997,     0.00000000,     0.35227997,
  452,     0.00120000,     0.00108000,     0.00012000,     0.29613434,     0.00000000,     0.29613434,
  453,     0.00120000,     0.00108000,     0.00012000,     0.24990914,     0.00000000,     0.24990914,
  454,     0.00130000,     0.00117000,     0.00013000,     0.21138498,     0.00000000,     0.21138498,
  455,     0.00120000,     0.00108000,     0.00012000,     0.17992918,     0.00000000,     0.17992918,
  456,     0.00000000,     0.00000000,     0.00000000,     0.15380377,     0.00000000,     0.15380377,
  457,     0.00000000,     0.00000000,     0.00000000,     0.13199162,     0.00000000,     0.13199162,
  458,     0.00000000,     0.00000000,     0.00000000,     0.11352975,     0.00000000,     0.11352975,
  459,     0.00000000,     0.00000000,     0.00000000,     0.09746888,     0.00000000,     0.09746888,
  460,     0.00000000,     0.00000000,     0.00000000,     0.08338190,     0.00000000,     0.08338190,
  461,     0.00000000,     0.00000000,     0.00000000,     0.07068073,     0.00000000,     0.07068073,
  462,     0.00000000,     0.00000000,     0.00000000,     0.05940687,     0.00000000,     0.05940687,
  463,     0.00000000,     0.00000000,     0.00000000,     0.04946098,     0.00000000,     0.04946098,
  464,     0.00000000,     0.00000000,     0.00000000,     0.04065619,     0.00000000,     0.04065619,
  465,     0.00000000,     0.00000000,     0.00000000,     0.03301418,     0.00000000,     0.03301418,
  466,     0.00000000,     0.00000000,     0.00000000,     0.02621810,     0.00000000,     0.02621810,
  467,     0.00000000,     0.00000000,     0.00000000,     0.02032089,     0.00000000,     0.02032089,
  468,     0.00000000,     0.00000000,     0.00000000,     0.01541823,     0.00000000,     0.01541823,
  469,     0.00000000,     0.00000000,     0.00000000,     0.01152877,     0.00000000,     0.01152877,
  470,     0.00000000,     0.00000000,     0.00000000,     0.00847235,     0.00000000,     0.00847235,
  471,     0.00000000,     0.00000000,     0.00000000,     0.00614934,     0.00000000,     0.00614934,
  472,     0.00000000,     0.00000000,     0.00000000,     0.00451449,     0.00000000,     0.00451449,
  473,     0.00000000,     0.00000000,     0.00000000,     0.00351286,     0.00000000,     0.00351286,
  474,     0.00000000,     0.00000000,     0.00000000,     0.00288879,     0.00000000,     0.00288879,
  475,     0.00000000,     0.00000000,     0.00000000,     0.00237690,     0.00000000,     0.00237690,
  476,     0.00000000,     0.00000000,     0.00000000,     0.00195467,     0.00000000,     0.00195467,
  477,     0.00000000,     0.00000000,     0.00000000,     0.00160702,     0.00000000,     0.00160702,
  478,     0.00000000,     0.00000000,     0.00000000,     0.00131750,     0.00000000,     0.00131750,
  479,     0.00000000,     0.00000000,     0.00000000,     0.00108088,     0.00000000,     0.00108088,
  480,     0.00000000,     0.00000000,     0.00000000,     0.00088551,     0.00000000,     0.00088551,
  481,     0.00000000,     0.00000000,     0.00000000,     0.00072461,     0.00000000,     0.00072461,
  482,     0.00000000,     0.00000000,     0.00000000,     0.00059171,     0.00000000,     0.00059171,
  483,     0.00000000,     0.00000000,     0.00000000,     0.00048119,     0.00000000,     0.00048119,
  484,     0.00000000,     0.00000000,     0.00000000,     0.00039048,     0.00000000,     0.00039048,
  485,     0.00000000,     0.00000000,     0.00000000,     0.00031487,     0.00000000,     0.00031487,
  486,     0.00000000,     0.00000000,     0.00000000,     0.00025274,     0.00000000,     0.00025274,
  487,     0.00000000,     0.00000000,     0.00000000,     0.00020175,     0.00000000,     0.00020175,
  488,     0.00000000,     0.00000000,     0.00000000,     0.00015952,     0.00000000,     0.00015952,
  489,     0.00000000,     0.00000000,     0.00000000,     0.00012458,     0.00000000,     0.00012458,
  490,     0.00000000,     0.00000000,     0.00000000,     0.00009418,     0.00000000,     0.00009418,
  491,     0.00000000,     0.00000000,     0.00000000,     0.00006828,     0.00000000,     0.00006828,
  492,     0.00000000,     0.00000000,     0.00000000,     0.00004678,     0.00000000,     0.00004678,
  493,     0.00000000,     0.00000000,     0.00000000,     0.00002980,     0.00000000,     0.00002980,
  494,     0.00000000,     0.00000000,     0.00000000,     0.00001679,     0.00000000,     0.00001679,
  495,     0.00000000,     0.00000000,     0.00000000,     0.00000741,     0.00000000,     0.00000741,
  496,     0.00000000,     0.00000000,     0.00000000,     0.00000182,     0.00000000,     0.00000182,
  497,     0.00000000,     0.00000000,     0.00000000,     0.00000000,     0.00000000,     0.00000000,
  498,     0.00000000,     0.00000000,     0.00000000,     0.00000000,     0.00000000,     0.00000000,
  499,     0.00000000,     0.00000000,     0.00000000,     0.00000000,     0.00000000,     0.00000000,
  500,     0.00000000,     0.00000000,     0.00000000,     0.00000000,     0.00000000,     0.00000000,
  501,     0.00000000,     0.00000000,     0.00000000,     0.00000000,     0.00000000,     0.00000000,
  502,     0.00000000,     0.00000000,     0.00000000,     0.00000000,     0.00000000,     0.00000000,
  503,     0.00000000,     0.00000000,     0.00000000,     0.00000000,     0.00000000,     0.00000000,
  504,     0.00000000,     0.00000000,     0.00000000,     0.00000000,     0.00000000,     0.00000000,
  505,     0.00000000,     0.00000000,     0.00000000,     0.00000000,     0.00000000,     0.00000000,
  506,     0.00000000,     0.00000000,     0.00000000,     0.00000000,     0.00000000,     0.00000000,
  507,     0.00000000,     0.00000000,     0.00000000,     0.00000000,     0.00000000,     0.00000000,
  508,     0.00000000,     0.00000000,     0.00000000,     0.00000000,     0.00000000,     0.00000000,
  509,     0.00000000,     0.00000000,     0.00000000,     0.00000000,     0.00000000,     0.00000000,
  510,     0.00000000,     0.00000000,     0.00000000,     0.00000000,     0.00000000,     0.00000000,
  511,     0.00000000,     0.00000000,     0.00000000,     0.00000000,     0.00000000,     0.00000000,
  512,     0.00000000,     0.00000000,     0.00000000,     0.00000000,     0.00000000,     0.00000000,
  513,     0.00000000,     0.00000000,     0.00000000,     0.00000000,     0.00000000,     0.00000000,
  514,     0.00000000,     0.00000000,     0.00000000,     0.00000000,     0.00000000,     0.00000000,
  515,     0.00000000,     0.00000000,     0.00000000,     0.00000000,     0.00000000,     0.00000000,
  516,     0.00000000,     0.00000000,     0.00000000,     0.00000000,     0.00000000,     0.00000000,
  517,     0.00000000,     0.00000000,     0.00000000,     0.00000000,     0.00000000,     0.00000000,
  518,     0.00000000,     0.00000000,     0.00000000,     0.00000000,     0.00000000,     0.00000000,
  519,     0.00000000,     0.00000000,     0.00000000,     0.00000000,     0.00000000,     0.00000000,
  520,     0.00000000,     0.00000000,     0.00000000,     0.00000000,     0.00000000,     0.00000000,
  521,     0.00000000,     0.00000000,     0.00000000,     0.00000000,     0.00000000,     0.00000000,
  522,     0.00000000,     0.00000000,     0.00000000,     0.00000000,     0.00000000,     0.00000000,
  523,     0.00000000,     0.00000000,     0.00000000,     0.00000000,     0.00000000,     0.00000000,
  524,     0.00000000,     0.00000000,     0.00000000,     0.00000000,     0.00000000,     0.00000000,
  525,     0.00000000,     0.00000000,     0.00000000,     0.00000000,     0.00000000,     0.00000000,
  526,     0.00000000,     0.00000000,     0.00000000,     0.00000000,     0.00000000,     0.00000000,
  527,     0.00000000,     0.00000000,     0.00000000,     0.00000000,     0.00000000,     0.00000000,
  528,     0.00000000,     0.00000000,     0.00000000,     0.00000000,     0.00000000,     0.00000000,
  529,     0.00000000,     0.00000000,     0.00000000,     0.00000000,     0.00000000,     0.00000000,
  530,     0.00000000,     0.00000000,     0.00000000,     0.00000000,     0.00000000,     0.00000000,
  531,     0.00000000,     0.00000000,     0.00000000,     0.00000000,     0.00000000,     0.00000000,
  532,     0.00000000,     0.00000000,     0.00000000,     0.00000000,     0.00000000,     0.00000000,
  533,     0.00000000,     0.00000000,     0.00000000,     0.00000000,     0.00000000,     0.00000000,
  534,     0.00000000,     0.00000000,     0.00000000,     0.00000000,     0.00000000,     0.00000000,
  535,     0.00000000,     0.00000000,     0.00000000,     0.00000000,     0.00000000,     0.00000000,
  536,     0.00000000,     0.00000000,     0.00000000,     0.00000000,     0.00000000,     0.00000000,
  537,     0.00000000,     0.00000000,     0.00000000,     0.00000000,     0.00000000,     0.00000000,
  538,     0.00000000,     0.00000000,     0.00000000,     0.00000000,     0.00000000,     0.00000000,
  539,     0.00000000,     0.00000000,     0.00000000,     0.00000000,     0.00000000,     0.00000000,
  540,     0.00000000,     0.00000000,     0.00000000,     0.00000000,     0.00000000,     0.00000000,
  541,     0.00000000,     0.00000000,     0.00000000,     0.00000000,     0.00000000,     0.00000000,
  542,     0.00000000,     0.00000000,     0.00000000,     0.00000000,     0.00000000,     0.00000000,
  543,     0.00000000,     0.00000000,     0.00000000,     0.00000000,     0.00000000,     0.00000000,
  544,     0.00000000,     0.00000000,     0.00000000,     0.00000000,     0.00000000,     0.00000000,
  545,     0.00000000,     0.00000000,     0.00000000,     0.00000000,     0.00000000,     0.00000000,
  546,     0.00000000,     0.00000000,     0.00000000,     0.00000000,     0.00000000,     0.00000000,
  547,     0.00000000,     0.00000000,     0.00000000,     0.00000000,     0.00000000,     0.00000000,
  548,     0.00000000,     0.00000000,     0.00000000,     0.00000000,     0.00000000,     0.00000000,
  549,     0.00000000,     0.00000000,     0.00000000,     0.00000000,     0.00000000,     0.00000000,
  550,     0.00000000,     0.00000000,     0.00000000,     0.00000000,     0.00000000,     0.00000000,
  551,     0.00000000,     0.00000000,     0.00000000,     0.00000000,     0.00000000,     0.00000000,
  552,     0.00000000,     0.00000000,     0.00000000,     0.00000000,     0.00000000,     0.00000000,
  553,     0.00000000,     0.00000000,     0.00000000,     0.00000000,     0.00000000,     0.00000000,
  554,     0.00000000,     0.00000000,     0.00000000,     0.00000000,     0.00000000,     0.00000000,
  555,     0.00000000,     0.00000000,     0.00000000,     0.00000000,     0.00000000,     0.00000000,
  556,     0.00000000,     0.00000000,     0.00000000,     0.00000000,     0.00000000,     0.00000000,
  557,     0.00000000,     0.00000000,     0.00000000,     0.00000000,     0.00000000,     0.00000000,
  558,     0.00000000,     0.00000000,     0.00000000,     0.00000000,     0.00000000,     0.00000000,
  559,     0.00000000,     0.00000000,     0.00000000,     0.00000000,     0.00000000,     0.00000000,
  560,     0.00000000,     0.00000000,     0.00000000,     0.00000000,     0.00000000,     0.00000000,
  561,     0.00000000,     0.00000000,     0.00000000,     0.00000000,     0.00000000,     0.00000000,
  562,     0.00000000,     0.00000000,     0.00000000,     0.00000000,     0.00000000,     0.00000000,
  563,     0.00000000,     0.00000000,     0.00000000,     0.00000000,     0.00000000,     0.00000000,
  564,     0.00000000,     0.00000000,     0.00000000,     0.00000000,     0.00000000,     0.00000000,
  565,     0.00000000,     0.00000000,     0.00000000,     0.00000000,     0.00000000,     0.00000000,
  566,     0.00000000,     0.00000000,     0.00000000,     0.00000000,     0.00000000,     0.00000000,
  567,     0.00000000,     0.00000000,     0.00000000,     0.00000000,     0.00000000,     0.00000000,
  568,     0.00000000,     0.00000000,     0.00000000,     0.00000000,     0.00000000,     0.00000000,
  569,     0.00000000,     0.00000000,     0.00000000,     0.00000000,     0.00000000,     0.00000000,
  570,     0.00000000,     0.00000000,     0.00000000,     0.00000000,     0.00000000,     0.00000000,
  571,     0.00000000,     0.00000000,     0.00000000,     0.00000000,     0.00000000,     0.00000000,
  572,     0.00000000,     0.00000000,     0.00000000,     0.00000000,     0.00000000,     0.00000000,
  573,     0.00000000,     0.00000000,     0.00000000,     0.00000000,     0.00000000,     0.00000000,
  574,     0.00000000,     0.00000000,     0.00000000,     0.00000000,     0.00000000,     0.00000000,
  575,     0.00000000,     0.00000000,     0.00000000,     0.00000000,     0.00000000,     0.00000000,
  576,     0.00000000,     0.00000000,     0.00000000,     0.00000000,     0.00000000,     0.00000000,
  577,     0.00000000,     0.00000000,     0.00000000,     0.00000000,     0.00000000,     0.00000000,
  578,     0.00000000,     0.00000000,     0.00000000,     0.00000000,     0.00000000,     0.00000000,
  579,     0.00000000,     0.00000000,     0.00000000,     0.00000000,     0.00000000,     0.00000000,
  580,     0.00000000,     0.00000000,     0.00000000,     0.00000000,     0.00000000,     0.00000000,
  581,     0.00000000,     0.00000000,     0.00000000,     0.00000000,     0.00000000,     0.00000000,
  582,     0.00000000,     0.00000000,     0.00000000,     0.00000000,     0.00000000,     0.00000000,
  583,     0.00000000,     0.00000000,     0.00000000,     0.00000000,     0.00000000,     0.00000000,
  584,     0.00000000,     0.00000000,     0.00000000,     0.00000000,     0.00000000,     0.00000000,
  585,     0.00000000,     0.00000000,     0.00000000,     0.00000000,     0.00000000,     0.00000000,
  586,     0.00000000,     0.00000000,     0.00000000,     0.00000000,     0.00000000,     0.00000000,
  587,     0.00000000,     0.00000000,     0.00000000,     0.00000000,     0.00000000,     0.00000000,
  588,     0.00000000,     0.00000000,     0.00000000,     0.00000000,     0.00000000,     0.00000000,
  589,     0.00000000,     0.00000000,     0.00000000,     0.00000000,     0.00000000,     0.00000000,
  590,     0.00000000,     0.00000000,     0.00000000,     0.00000000,     0.00000000,     0.00000000,
  591,     0.00000000,     0.00000000,     0.00000000,     0.00000000,     0.00000000,     0.00000000,
  592,     0.00000000,     0.00000000,     0.00000000,     0.00000000,     0.00000000,     0.00000000,
  593,     0.00000000,     0.00000000,     0.00000000,     0.00000000,     0.00000000,     0.00000000,
  594,     0.00000000,     0.00000000,     0.00000000,     0.00000000,     0.00000000,     0.00000000,
  595,     0.00000000,     0.00000000,     0.00000000,     0.00000000,     0.00000000,     0.00000000,
  596,     0.00000000,     0.00000000,     0.00000000,     0.00000000,     0.00000000,     0.00000000,
  597,     0.00000000,     0.00000000,     0.00000000,     0.00000000,     0.00000000,     0.00000000,
  598,     0.00000000,     0.00000000,     0.00000000,     0.00000000,     0.00000000,     0.00000000,
  599,     0.00000000,     0.00000000,     0.00000000,     0.00000000,     0.00000000,     0.00000000,
  600,     0.00000000,     0.00000000,     0.00000000,     0.00000000,     0.00000000,     0.00000000,
  601,     0.00000000,     0.00000000,     0.00000000,     0.00000000,     0.00000000,     0.00000000,
  602,     0.00000000,     0.00000000,     0.00000000,     0.00000000,     0.00000000,     0.00000000,
  603,     0.00000000,     0.00000000,     0.00000000,     0.00000000,     0.00000000,     0.00000000,
  604,     0.00000000,     0.00000000,     0.00000000,     0.00000000,     0.00000000,     0.00000000,
  605,     0.00000000,     0.00000000,     0.00000000,     0.00000000,     0.00000000,     0.00000000,
  606,     0.00000000,     0.00000000,     0.00000000,     0.00000000,     0.00000000,     0.00000000,
  607,     0.00000000,     0.00000000,     0.00000000,     0.00000000,     0.00000000,     0.00000000,
  608,     0.00000000,     0.00000000,     0.00000000,     0.00000000,     0.00000000,     0.00000000,
  609,     0.00000000,     0.00000000,     0.00000000,     0.00000000,     0.00000000,     0.00000000,
  610,     0.00000000,     0.00000000,     0.00000000,     0.00000000,     0.00000000,     0.00000000,
  611,     0.00000000,     0.00000000,     0.00000000,     0.00000000,     0.00000000,     0.00000000,
  612,     0.00000000,     0.00000000,     0.00000000,     0.00000000,     0.00000000,     0.00000000,
  613,     0.00000000,     0.00000000,     0.00000000,     0.00000000,     0.00000000,     0.00000000,
  614,     0.00000000,     0.00000000,     0.00000000,     0.00000000,     0.00000000,     0.00000000,
  615,     0.00000000,     0.00000000,     0.00000000,     0.00000000,     0.00000000,     0.00000000,
  616,     0.00000000,     0.00000000,     0.00000000,     0.00000000,     0.00000000,     0.00000000,
  617,     0.00000000,     0.00000000,     0.00000000,     0.00000000,     0.00000000,     0.00000000,
  618,     0.00000000,     0.00000000,     0.00000000,     0.00000000,     0.00000000,     0.00000000,
  619,     0.00000000,     0.00000000,     0.00000000,     0.00000000,     0.00000000,     0.00000000,
  620,     0.00000000,     0.00000000,     0.00000000,     0.00000000,     0.00000000,     0.00000000,
  621,     0.00000000,     0.00000000,     0.00000000,     0.00000000,     0.00000000,     0.00000000,
  622,     0.00000000,     0.00000000,     0.00000000,     0.00000000,     0.00000000,     0.00000000,
  623,     0.00000000,     0.00000000,     0.00000000,     0.00000000,     0.00000000,     0.00000000,
  624,     0.00000000,     0.00000000,     0.00000000,     0.00000000,     0.00000000,     0.00000000,
  625,     0.00000000,     0.00000000,     0.00000000,     0.00000000,     0.00000000,     0.00000000,
  626,     0.00000000,     0.00000000,     0.00000000,     0.00000000,     0.00000000,     0.00000000,
  627,     0.00000000,     0.00000000,     0.00000000,     0.00000000,     0.00000000,     0.00000000,
  628,     0.00000000,     0.00000000,     0.00000000,     0.00000000,     0.00000000,     0.00000000,
  629,     0.00000000,     0.00000000,     0.00000000,     0.00000000,     0.00000000,     0.00000000,
  630,     0.00000000,     0.00000000,     0.00000000,     0.00000000,     0.00000000,     0.00000000,
  631,     0.00000000,     0.00000000,     0.00000000,     0.00000000,     0.00000000,     0.00000000,
  632,     0.00000000,     0.00000000,     0.00000000,     0.00000000,     0.00000000,     0.00000000,
  633,     0.00000000,     0.00000000,     0.00000000,     0.00000000,     0.00000000,     0.00000000,
  634,     0.00000000,     0.00000000,     0.00000000,     0.00000000,     0.00000000,     0.00000000,
  635,     0.00000000,     0.00000000,     0.00000000,     0.00000000,     0.00000000,     0.00000000,
  636,     0.00000000,     0.00000000,     0.00000000,     0.00000000,     0.00000000,     0.00000000,
  637,     0.00000000,     0.00000000,     0.00000000,     0.00000000,     0.00000000,     0.00000000,
  638,     0.00000000,     0.00000000,     0.00000000,     0.00000000,     0.00000000,     0.00000000,
  639,     0.00000000,     0.00000000,     0.00000000,     0.00000000,     0.00000000,     0.00000000,
  640,     0.00000000,     0.00000000,     0.00000000,     0.00000000,     0.00000000,     0.00000000,
  641,     0.00000000,     0.00000000,     0.00000000,     0.00000000,     0.00000000,     0.00000000,
  642,     0.00000000,     0.00000000,     0.00000000,     0.00000000,     0.00000000,     0.00000000,
  643,     0.00000000,     0.00000000,     0.00000000,     0.00000000,     0.00000000,     0.00000000,
  644,     0.00000000,     0.00000000,     0.00000000,     0.00000000,     0.00000000,     0.00000000,
  645,     0.00000000,     0.00000000,     0.00000000,     0.00000000,     0.00000000,     0.00000000,
  646,     0.00000000,     0.00000000,     0.00000000,     0.00000000,     0.00000000,     0.00000000,
  647,     0.00000000,     0.00000000,     0.00000000,     0.00000000,     0.00000000,     0.00000000,
  648,     0.00000000,     0.00000000,     0.00000000,     0.00000000,     0.00000000,     0.00000000,
  649,     0.00000000,     0.00000000,     0.00000000,     0.00000000,     0.00000000,     0.00000000,
  650,     0.00000000,     0.00000000,     0.00000000,     0.00000000,     0.00000000,     0.00000000,
  651,     0.00000000,     0.00000000,     0.00000000,     0.00000000,     0.00000000,     0.00000000,
  652,     0.00000000,     0.00000000,     0.00000000,     0.00000000,     0.00000000,     0.00000000,
  653,     0.00000000,     0.00000000,     0.00000000,     0.00000000,     0.00000000,     0.00000000,
  654,     0.00000000,     0.00000000,     0.00000000,     0.00000000,     0.00000000,     0.00000000,
  655,     0.00000000,     0.00000000,     0.00000000,     0.00000000,     0.00000000,     0.00000000,
  656,     0.00000000,     0.00000000,     0.00000000,     0.00000000,     0.00000000,     0.00000000,
  657,     0.00000000,     0.00000000,     0.00000000,     0.00000000,     0.00000000,     0.00000000,
  658,     0.00000000,     0.00000000,     0.00000000,     0.00000000,     0.00000000,     0.00000000,
  659,     0.00000000,     0.00000000,     0.00000000,     0.00000000,     0.00000000,     0.00000000,
  660,     0.00000000,     0.00000000,     0.00000000,     0.00000000,     0.00000000,     0.00000000,
  661,     0.00000000,     0.00000000,     0.00000000,     0.00000000,     0.00000000,     0.00000000,
  662,     0.00000000,     0.00000000,     0.00000000,     0.00000000,     0.00000000,     0.00000000,
  663,     0.00000000,     0.00000000,     0.00000000,     0.00000000,     0.00000000,     0.00000000,
  664,     0.00000000,     0.00000000,     0.00000000,     0.00000000,     0.00000000,     0.00000000,
  665,     0.00000000,     0.00000000,     0.00000000,     0.00000000,     0.00000000,     0.00000000,
  666,     0.00000000,     0.00000000,     0.00000000,     0.00000000,     0.00000000,     0.00000000,
  667,     0.00000000,     0.00000000,     0.00000000,     0.00000000,     0.00000000,     0.00000000,
  668,     0.00000000,     0.00000000,     0.00000000,     0.00000000,     0.00000000,     0.00000000,
  669,     0.00000000,     0.00000000,     0.00000000,     0.00000000,     0.00000000,     0.00000000,
  670,     0.00000000,     0.00000000,     0.00000000,     0.00000000,     0.00000000,     0.00000000,
  671,     0.00000000,     0.00000000,     0.00000000,     0.00000000,     0.00000000,     0.00000000,
  672,     0.00000000,     0.00000000,     0.00000000,     0.00000000,     0.00000000,     0.00000000,
  673,     0.00000000,     0.00000000,     0.00000000,     0.00000000,     0.00000000,     0.00000000,
  674,     0.00000000,     0.00000000,     0.00000000,     0.00000000,     0.00000000,     0.00000000,
  675,     0.00000000,     0.00000000,     0.00000000,     0.00000000,     0.00000000,     0.00000000,
  676,     0.00000000,     0.00000000,     0.00000000,     0.00000000,     0.00000000,     0.00000000,
  677,     0.00000000,     0.00000000,     0.00000000,     0.00000000,     0.00000000,     0.00000000,
  678,     0.00000000,     0.00000000,     0.00000000,     0.00000000,     0.00000000,     0.00000000,
  679,     0.00000000,     0.00000000,     0.00000000,     0.00000000,     0.00000000,     0.00000000,
  680,     0.00000000,     0.00000000,     0.00000000,     0.00000000,     0.00000000,     0.00000000,
  681,     0.00000000,     0.00000000,     0.00000000,     0.00000000,     0.00000000,     0.00000000,
  682,     0.00000000,     0.00000000,     0.00000000,     0.00000000,     0.00000000,     0.00000000,
  683,     0.00000000,     0.00000000,     0.00000000,     0.00000000,     0.00000000,     0.00000000,
  684,     0.00000000,     0.00000000,     0.00000000,     0.00000000,     0.00000000,     0.00000000,
  685,     0.00000000,     0.00000000,     0.00000000,     0.00000000,     0.00000000,     0.00000000,
  686,     0.00000000,     0.00000000,     0.00000000,     0.00000000,     0.00000000,     0.00000000,
  687,     0.00000000,     0.00000000,     0.00000000,     0.00000000,     0.00000000,     0.00000000,
  688,     0.00000000,     0.00000000,     0.00000000,     0.00000000,     0.00000000,     0.00000000,
  689,     0.00000000,     0.00000000,     0.00000000,     0.00000000,     0.00000000,     0.00000000,
  690,     0.00000000,     0.00000000,     0.00000000,     0.00000000,     0.00000000,     0.00000000,
  691,     0.00000000,     0.00000000,     0.00000000,     0.00000000,     0.00000000,     0.00000000,
  692,     0.00000000,     0.00000000,     0.00000000,     0.00000000,     0.00000000,     0.00000000,
  693,     0.00000000,     0.00000000,     0.00000000,     0.00000000,     0.00000000,     0.00000000,
  694,     0.00000000,     0.00000000,     0.00000000,     0.00000000,     0.00000000,     0.00000000,
  695,     0.00000000,     0.00000000,     0.00000000,     0.00000000,     0.00000000,     0.00000000,
  696,     0.00000000,     0.00000000,     0.00000000,     0.00000000,     0.00000000,     0.00000000,
  697,     0.00000000,     0.00000000,     0.00000000,     0.00000000,     0.00000000,     0.00000000,
  698,     0.00000000,     0.00000000,     0.00000000,     0.00000000,     0.00000000,     0.00000000,
  699,     0.00000000,     0.00000000,     0.00000000,     0.00000000,     0.00000000,     0.00000000,
  700,     0.00000000,     0.00000000,     0.00000000,     0.00000000,     0.00000000,     0.00000000,
  701,     0.00000000,     0.00000000,     0.00000000,     0.00000000,     0.00000000,     0.00000000,
  702,     0.00000000,     0.00000000,     0.00000000,     0.00000000,     0.00000000,     0.00000000,
  703,     0.00000000,     0.00000000,     0.00000000,     0.00000000,     0.00000000,     0.00000000,
  704,     0.00000000,     0.00000000,     0.00000000,     0.00000000,     0.00000000,     0.00000000,
  705,     0.00000000,     0.00000000,     0.00000000,     0.00000000,     0.00000000,     0.00000000,
  706,     0.00000000,     0.00000000,     0.00000000,     0.00000000,     0.00000000,     0.00000000,
  707,     0.00000000,     0.00000000,     0.00000000,     0.00000000,     0.00000000,     0.00000000,
  708,     0.00000000,     0.00000000,     0.00000000,     0.00000000,     0.00000000,     0.00000000,
  709,     0.00000000,     0.00000000,     0.00000000,     0.00000000,     0.00000000,     0.00000000,
  710,     0.00000000,     0.00000000,     0.00000000,     0.00000000,     0.00000000,     0.00000000,
  711,     0.00000000,     0.00000000,     0.00000000,     0.00000000,     0.00000000,     0.00000000,
  712,     0.00000000,     0.00000000,     0.00000000,     0.00000000,     0.00000000,     0.00000000,
  713,     0.00000000,     0.00000000,     0.00000000,     0.00000000,     0.00000000,     0.00000000,
  714,     0.00000000,     0.00000000,     0.00000000,     0.00000000,     0.00000000,     0.00000000,
  715,     0.00000000,     0.00000000,     0.00000000,     0.00000000,     0.00000000,     0.00000000,
  716,     0.00000000,     0.00000000,     0.00000000,     0.00000000,     0.00000000,     0.00000000,
  717,     0.00000000,     0.00000000,     0.00000000,     0.00000000,     0.00000000,     0.00000000,
  718,     0.00000000,     0.00000000,     0.00000000,     0.00000000,     0.00000000,     0.00000000,
  719,     0.00000000,     0.00000000,     0.00000000,     0.00000000,     0.00000000,     0.00000000,
  720,     0.00000000,     0.00000000,     0.00000000,     0.00000000,     0.00000000,     0.00000000,
  721,     0.00000000,     0.00000000,     0.00000000,     0.00000000,     0.00000000,     0.00000000,
  722,     0.00000000,     0.00000000,     0.00000000,     0.00000000,     0.00000000,     0.00000000,
  723,     0.00000000,     0.00000000,     0.00000000,     0.00000000,     0.00000000,     0.00000000,
  724,     0.00000000,     0.00000000,     0.00000000,     0.00000000,     0.00000000,     0.00000000,
  725,     0.00000000,     0.00000000,     0.00000000,     0.00000000,     0.00000000,     0.00000000,
  726,     0.00000000,     0.00000000,     0.00000000,     0.00000000,     0.00000000,     0.00000000,
  727,     0.00000000,     0.00000000,     0.00000000,     0.00000000,     0.00000000,     0.00000000,
  728,     0.00000000,     0.00000000,     0.00000000,     0.00000000,     0.00000000,     0.00000000,
  729,     0.00000000,     0.00000000,     0.00000000,     0.00000000,     0.00000000,     0.00000000,
  730,     0.00000000,     0.00000000,     0.00000000,     0.00000000,     0.00000000,     0.00000000,
  731,     0.00000000,     0.00000000,     0.00000000,     0.00000000,     0.00000000,     0.00000000,
  732,     0.00000000,     0.00000000,     0.00000000,     0.00000000,     0.00000000,     0.00000000,
  733,     0.00000000,     0.00000000,     0.00000000,     0.00000000,     0.00000000,     0.00000000,
  734,     0.00000000,     0.00000000,     0.00000000,     0.00000000,     0.00000000,     0.00000000,
  735,     0.00000000,     0.00000000,     0.00000000,     0.00000000,     0.00000000,     0.00000000,
  736,     0.00000000,     0.00000000,     0.00000000,     0.00000000,     0.00000000,     0.00000000,
  737,     0.00000000,     0.00000000,     0.00000000,     0.00000000,     0.00000000,     0.00000000,
  738,     0.00000000,     0.00000000,     0.00000000,     0.00000000,     0.00000000,     0.00000000,
  739,     0.00000000,     0.00000000,     0.00000000,     0.00000000,     0.00000000,     0.00000000,
  740,     0.00000000,     0.00000000,     0.00000000,     0.00000000,     0.00000000,     0.00000000,
  741,     0.00000000,     0.00000000,     0.00000000,     0.00000000,     0.00000000,     0.00000000,
  742,     0.00000000,     0.00000000,     0.00000000,     0.00000000,     0.00000000,     0.00000000,
